District Name,Zone,Geographical Region,Development Region, Grade,Number of School 
Taplejung,Mechi,Mountain,Eastern,1,3
Taplejung,Mechi,Mountain,Eastern,(1-2),5
Taplejung,Mechi,Mountain,Eastern,(1-3),58
Taplejung,Mechi,Mountain,Eastern,(1-4),10
Taplejung,Mechi,Mountain,Eastern,(1-5),138
Taplejung,Mechi,Mountain,Eastern,(1-6),2
Taplejung,Mechi,Mountain,Eastern,(1-7),13
Taplejung,Mechi,Mountain,Eastern,(1-8),53
Taplejung,Mechi,Mountain,Eastern,(1-9),2
Taplejung,Mechi,Mountain,Eastern,(1-10),25
Taplejung,Mechi,Mountain,Eastern,(1-11),0
Taplejung,Mechi,Mountain,Eastern,(1-12),29
Taplejung,Mechi,Mountain,Eastern,(6-7),0
Taplejung,Mechi,Mountain,Eastern,(6-8),0
Taplejung,Mechi,Mountain,Eastern,(6-9),0
Taplejung,Mechi,Mountain,Eastern,(6-10),0
Taplejung,Mechi,Mountain,Eastern,(6-11),0
Taplejung,Mechi,Mountain,Eastern,(6-12),0
Taplejung,Mechi,Mountain,Eastern,(9-10),0
Taplejung,Mechi,Mountain,Eastern,(9-11),0
Taplejung,Mechi,Mountain,Eastern,(9-12),0
Taplejung,Mechi,Mountain,Eastern,(11-12),1
Sankhuwasabha,Kosi,Mountain,Eastern,1,7
Sankhuwasabha,Kosi,Mountain,Eastern,(1-2),13
Sankhuwasabha,Kosi,Mountain,Eastern,(1-3),76
Sankhuwasabha,Kosi,Mountain,Eastern,(1-4),12
Sankhuwasabha,Kosi,Mountain,Eastern,(1-5),175
Sankhuwasabha,Kosi,Mountain,Eastern,(1-6),6
Sankhuwasabha,Kosi,Mountain,Eastern,(1-7),9
Sankhuwasabha,Kosi,Mountain,Eastern,(1-8),54
Sankhuwasabha,Kosi,Mountain,Eastern,(1-9),3
Sankhuwasabha,Kosi,Mountain,Eastern,(1-10),41
Sankhuwasabha,Kosi,Mountain,Eastern,(1-11),1
Sankhuwasabha,Kosi,Mountain,Eastern,(1-12),18
Sankhuwasabha,Kosi,Mountain,Eastern,(6-7),0
Sankhuwasabha,Kosi,Mountain,Eastern,(6-8),0
Sankhuwasabha,Kosi,Mountain,Eastern,(6-9),0
Sankhuwasabha,Kosi,Mountain,Eastern,(6-10),0
Sankhuwasabha,Kosi,Mountain,Eastern,(6-11),1
Sankhuwasabha,Kosi,Mountain,Eastern,(6-12),0
Sankhuwasabha,Kosi,Mountain,Eastern,(9-10),0
Sankhuwasabha,Kosi,Mountain,Eastern,(9-11),0
Sankhuwasabha,Kosi,Mountain,Eastern,(9-12),0
Sankhuwasabha,Kosi,Mountain,Eastern,(11-12),2
Solukhumbu,Sagarmatha,Mountain,Eastern,1,7
Solukhumbu,Sagarmatha,Mountain,Eastern,(1-2),3
Solukhumbu,Sagarmatha,Mountain,Eastern,(1-3),53
Solukhumbu,Sagarmatha,Mountain,Eastern,(1-4),13
Solukhumbu,Sagarmatha,Mountain,Eastern,(1-5),105
Solukhumbu,Sagarmatha,Mountain,Eastern,(1-6),13
Solukhumbu,Sagarmatha,Mountain,Eastern,(1-7),20
Solukhumbu,Sagarmatha,Mountain,Eastern,(1-8),33
Solukhumbu,Sagarmatha,Mountain,Eastern,(1-9),2
Solukhumbu,Sagarmatha,Mountain,Eastern,(1-10),23
Solukhumbu,Sagarmatha,Mountain,Eastern,(1-11),0
Solukhumbu,Sagarmatha,Mountain,Eastern,(1-12),15
Solukhumbu,Sagarmatha,Mountain,Eastern,(6-7),0
Solukhumbu,Sagarmatha,Mountain,Eastern,(6-8),0
Solukhumbu,Sagarmatha,Mountain,Eastern,(6-9),0
Solukhumbu,Sagarmatha,Mountain,Eastern,(6-10),0
Solukhumbu,Sagarmatha,Mountain,Eastern,(6-11),0
Solukhumbu,Sagarmatha,Mountain,Eastern,(6-12),2
Solukhumbu,Sagarmatha,Mountain,Eastern,(9-10),0
Solukhumbu,Sagarmatha,Mountain,Eastern,(9-11),0
Solukhumbu,Sagarmatha,Mountain,Eastern,(9-12),0
Solukhumbu,Sagarmatha,Mountain,Eastern,(11-12),1
Panchthar,Mechi,Hill,Eastern,1,2
Panchthar,Mechi,Hill,Eastern,(1-2),6
Panchthar,Mechi,Hill,Eastern,(1-3),48
Panchthar,Mechi,Hill,Eastern,(1-4),18
Panchthar,Mechi,Hill,Eastern,(1-5),190
Panchthar,Mechi,Hill,Eastern,(1-6),12
Panchthar,Mechi,Hill,Eastern,(1-7),20
Panchthar,Mechi,Hill,Eastern,(1-8),47
Panchthar,Mechi,Hill,Eastern,(1-9),4
Panchthar,Mechi,Hill,Eastern,(1-10),53
Panchthar,Mechi,Hill,Eastern,(1-11),3
Panchthar,Mechi,Hill,Eastern,(1-12),30
Panchthar,Mechi,Hill,Eastern,(6-7),0
Panchthar,Mechi,Hill,Eastern,(6-8),0
Panchthar,Mechi,Hill,Eastern,(6-9),0
Panchthar,Mechi,Hill,Eastern,(6-10),0
Panchthar,Mechi,Hill,Eastern,(6-11),0
Panchthar,Mechi,Hill,Eastern,(6-12),1
Panchthar,Mechi,Hill,Eastern,(9-10),0
Panchthar,Mechi,Hill,Eastern,(9-11),0
Panchthar,Mechi,Hill,Eastern,(9-12),0
Panchthar,Mechi,Hill,Eastern,(11-12),2
Ilam,Mechi,Hill,Eastern,1,6
Ilam,Mechi,Hill,Eastern,(1-2),7
Ilam,Mechi,Hill,Eastern,(1-3),54
Ilam,Mechi,Hill,Eastern,(1-4),19
Ilam,Mechi,Hill,Eastern,(1-5),237
Ilam,Mechi,Hill,Eastern,(1-6),3
Ilam,Mechi,Hill,Eastern,(1-7),8
Ilam,Mechi,Hill,Eastern,(1-8),76
Ilam,Mechi,Hill,Eastern,(1-9),1
Ilam,Mechi,Hill,Eastern,(1-10),57
Ilam,Mechi,Hill,Eastern,(1-11),2
Ilam,Mechi,Hill,Eastern,(1-12),35
Ilam,Mechi,Hill,Eastern,(6-7),0
Ilam,Mechi,Hill,Eastern,(6-8),0
Ilam,Mechi,Hill,Eastern,(6-9),1
Ilam,Mechi,Hill,Eastern,(6-10),0
Ilam,Mechi,Hill,Eastern,(6-11),0
Ilam,Mechi,Hill,Eastern,(6-12),1
Ilam,Mechi,Hill,Eastern,(9-10),0
Ilam,Mechi,Hill,Eastern,(9-11),0
Ilam,Mechi,Hill,Eastern,(9-12),0
Ilam,Mechi,Hill,Eastern,(11-12),2
Dhankuta,Kosi,Hill,Eastern,1,5
Dhankuta,Kosi,Hill,Eastern,(1-2),7
Dhankuta,Kosi,Hill,Eastern,(1-3),80
Dhankuta,Kosi,Hill,Eastern,(1-4),3
Dhankuta,Kosi,Hill,Eastern,(1-5),133
Dhankuta,Kosi,Hill,Eastern,(1-6),4
Dhankuta,Kosi,Hill,Eastern,(1-7),4
Dhankuta,Kosi,Hill,Eastern,(1-8),34
Dhankuta,Kosi,Hill,Eastern,(1-9),2
Dhankuta,Kosi,Hill,Eastern,(1-10),38
Dhankuta,Kosi,Hill,Eastern,(1-11),0
Dhankuta,Kosi,Hill,Eastern,(1-12),42
Dhankuta,Kosi,Hill,Eastern,(6-7),0
Dhankuta,Kosi,Hill,Eastern,(6-8),0
Dhankuta,Kosi,Hill,Eastern,(6-9),0
Dhankuta,Kosi,Hill,Eastern,(6-10),0
Dhankuta,Kosi,Hill,Eastern,(6-11),0
Dhankuta,Kosi,Hill,Eastern,(6-12),0
Dhankuta,Kosi,Hill,Eastern,(9-10),0
Dhankuta,Kosi,Hill,Eastern,(9-11),0
Dhankuta,Kosi,Hill,Eastern,(9-12),0
Dhankuta,Kosi,Hill,Eastern,(11-12),0
Terhathum,Kosi,Hill,Eastern,1,0
Terhathum,Kosi,Hill,Eastern,(1-2),2
Terhathum,Kosi,Hill,Eastern,(1-3),22
Terhathum,Kosi,Hill,Eastern,(1-4),2
Terhathum,Kosi,Hill,Eastern,(1-5),135
Terhathum,Kosi,Hill,Eastern,(1-6),0
Terhathum,Kosi,Hill,Eastern,(1-7),8
Terhathum,Kosi,Hill,Eastern,(1-8),33
Terhathum,Kosi,Hill,Eastern,(1-9),1
Terhathum,Kosi,Hill,Eastern,(1-10),21
Terhathum,Kosi,Hill,Eastern,(1-11),0
Terhathum,Kosi,Hill,Eastern,(1-12),28
Terhathum,Kosi,Hill,Eastern,(6-7),0
Terhathum,Kosi,Hill,Eastern,(6-8),0
Terhathum,Kosi,Hill,Eastern,(6-9),0
Terhathum,Kosi,Hill,Eastern,(6-10),0
Terhathum,Kosi,Hill,Eastern,(6-11),0
Terhathum,Kosi,Hill,Eastern,(6-12),0
Terhathum,Kosi,Hill,Eastern,(9-10),0
Terhathum,Kosi,Hill,Eastern,(9-11),0
Terhathum,Kosi,Hill,Eastern,(9-12),0
Terhathum,Kosi,Hill,Eastern,(11-12),1
Bhojpur,Kosi,Hill,Eastern,1,3
Bhojpur,Kosi,Hill,Eastern,(1-2),7
Bhojpur,Kosi,Hill,Eastern,(1-3),109
Bhojpur,Kosi,Hill,Eastern,(1-4),8
Bhojpur,Kosi,Hill,Eastern,(1-5),155
Bhojpur,Kosi,Hill,Eastern,(1-6),1
Bhojpur,Kosi,Hill,Eastern,(1-7),8
Bhojpur,Kosi,Hill,Eastern,(1-8),50
Bhojpur,Kosi,Hill,Eastern,(1-9),1
Bhojpur,Kosi,Hill,Eastern,(1-10),39
Bhojpur,Kosi,Hill,Eastern,(1-11),1
Bhojpur,Kosi,Hill,Eastern,(1-12),23
Bhojpur,Kosi,Hill,Eastern,(6-7),0
Bhojpur,Kosi,Hill,Eastern,(6-8),0
Bhojpur,Kosi,Hill,Eastern,(6-9),0
Bhojpur,Kosi,Hill,Eastern,(6-10),1
Bhojpur,Kosi,Hill,Eastern,(6-11),0
Bhojpur,Kosi,Hill,Eastern,(6-12),4
Bhojpur,Kosi,Hill,Eastern,(9-10),0
Bhojpur,Kosi,Hill,Eastern,(9-11),0
Bhojpur,Kosi,Hill,Eastern,(9-12),0
Bhojpur,Kosi,Hill,Eastern,(11-12),0
Okhaldhunga,Sagarmatha,Hill,Eastern,1,13
Okhaldhunga,Sagarmatha,Hill,Eastern,(1-2),7
Okhaldhunga,Sagarmatha,Hill,Eastern,(1-3),96
Okhaldhunga,Sagarmatha,Hill,Eastern,(1-4),9
Okhaldhunga,Sagarmatha,Hill,Eastern,(1-5),113
Okhaldhunga,Sagarmatha,Hill,Eastern,(1-6),3
Okhaldhunga,Sagarmatha,Hill,Eastern,(1-7),11
Okhaldhunga,Sagarmatha,Hill,Eastern,(1-8),43
Okhaldhunga,Sagarmatha,Hill,Eastern,(1-9),3
Okhaldhunga,Sagarmatha,Hill,Eastern,(1-10),47
Okhaldhunga,Sagarmatha,Hill,Eastern,(1-11),0
Okhaldhunga,Sagarmatha,Hill,Eastern,(1-12),22
Okhaldhunga,Sagarmatha,Hill,Eastern,(6-7),0
Okhaldhunga,Sagarmatha,Hill,Eastern,(6-8),0
Okhaldhunga,Sagarmatha,Hill,Eastern,(6-9),0
Okhaldhunga,Sagarmatha,Hill,Eastern,(6-10),0
Okhaldhunga,Sagarmatha,Hill,Eastern,(6-11),0
Okhaldhunga,Sagarmatha,Hill,Eastern,(6-12),1
Okhaldhunga,Sagarmatha,Hill,Eastern,(9-10),0
Okhaldhunga,Sagarmatha,Hill,Eastern,(9-11),0
Okhaldhunga,Sagarmatha,Hill,Eastern,(9-12),0
Okhaldhunga,Sagarmatha,Hill,Eastern,(11-12),0
Khotang,Sagarmatha,Hill,Eastern,1,9
Khotang,Sagarmatha,Hill,Eastern,(1-2),15
Khotang,Sagarmatha,Hill,Eastern,(1-3),82
Khotang,Sagarmatha,Hill,Eastern,(1-4),26
Khotang,Sagarmatha,Hill,Eastern,(1-5),188
Khotang,Sagarmatha,Hill,Eastern,(1-6),3
Khotang,Sagarmatha,Hill,Eastern,(1-7),15
Khotang,Sagarmatha,Hill,Eastern,(1-8),64
Khotang,Sagarmatha,Hill,Eastern,(1-9),1
Khotang,Sagarmatha,Hill,Eastern,(1-10),48
Khotang,Sagarmatha,Hill,Eastern,(1-11),2
Khotang,Sagarmatha,Hill,Eastern,(1-12),29
Khotang,Sagarmatha,Hill,Eastern,(6-7),0
Khotang,Sagarmatha,Hill,Eastern,(6-8),0
Khotang,Sagarmatha,Hill,Eastern,(6-9),0
Khotang,Sagarmatha,Hill,Eastern,(6-10),0
Khotang,Sagarmatha,Hill,Eastern,(6-11),0
Khotang,Sagarmatha,Hill,Eastern,(6-12),1
Khotang,Sagarmatha,Hill,Eastern,(9-10),0
Khotang,Sagarmatha,Hill,Eastern,(9-11),0
Khotang,Sagarmatha,Hill,Eastern,(9-12),0
Khotang,Sagarmatha,Hill,Eastern,(11-12),1
Udayapur,Sagarmatha,Hill,Eastern,1,5
Udayapur,Sagarmatha,Hill,Eastern,(1-2),20
Udayapur,Sagarmatha,Hill,Eastern,(1-3),45
Udayapur,Sagarmatha,Hill,Eastern,(1-4),23
Udayapur,Sagarmatha,Hill,Eastern,(1-5),165
Udayapur,Sagarmatha,Hill,Eastern,(1-6),4
Udayapur,Sagarmatha,Hill,Eastern,(1-7),18
Udayapur,Sagarmatha,Hill,Eastern,(1-8),103
Udayapur,Sagarmatha,Hill,Eastern,(1-9),2
Udayapur,Sagarmatha,Hill,Eastern,(1-10),68
Udayapur,Sagarmatha,Hill,Eastern,(1-11),0
Udayapur,Sagarmatha,Hill,Eastern,(1-12),47
Udayapur,Sagarmatha,Hill,Eastern,(6-7),0
Udayapur,Sagarmatha,Hill,Eastern,(6-8),0
Udayapur,Sagarmatha,Hill,Eastern,(6-9),0
Udayapur,Sagarmatha,Hill,Eastern,(6-10),0
Udayapur,Sagarmatha,Hill,Eastern,(6-11),0
Udayapur,Sagarmatha,Hill,Eastern,(6-12),0
Udayapur,Sagarmatha,Hill,Eastern,(9-10),0
Udayapur,Sagarmatha,Hill,Eastern,(9-11),0
Udayapur,Sagarmatha,Hill,Eastern,(9-12),0
Udayapur,Sagarmatha,Hill,Eastern,(11-12),1
Jhapa,Mechi,Terai,Eastern,1,5
Jhapa,Mechi,Terai,Eastern,(1-2),28
Jhapa,Mechi,Terai,Eastern,(1-3),32
Jhapa,Mechi,Terai,Eastern,(1-4),17
Jhapa,Mechi,Terai,Eastern,(1-5),219
Jhapa,Mechi,Terai,Eastern,(1-6),19
Jhapa,Mechi,Terai,Eastern,(1-7),39
Jhapa,Mechi,Terai,Eastern,(1-8),92
Jhapa,Mechi,Terai,Eastern,(1-9),9
Jhapa,Mechi,Terai,Eastern,(1-10),120
Jhapa,Mechi,Terai,Eastern,(1-11),7
Jhapa,Mechi,Terai,Eastern,(1-12),76
Jhapa,Mechi,Terai,Eastern,(6-7),0
Jhapa,Mechi,Terai,Eastern,(6-8),0
Jhapa,Mechi,Terai,Eastern,(6-9),0
Jhapa,Mechi,Terai,Eastern,(6-10),2
Jhapa,Mechi,Terai,Eastern,(6-11),2
Jhapa,Mechi,Terai,Eastern,(6-12),2
Jhapa,Mechi,Terai,Eastern,(9-10),0
Jhapa,Mechi,Terai,Eastern,(9-11),0
Jhapa,Mechi,Terai,Eastern,(9-12),0
Jhapa,Mechi,Terai,Eastern,(11-12),15
Morang,Kosi,Terai,Eastern,1,5
Morang,Kosi,Terai,Eastern,(1-2),19
Morang,Kosi,Terai,Eastern,(1-3),41
Morang,Kosi,Terai,Eastern,(1-4),38
Morang,Kosi,Terai,Eastern,(1-5),257
Morang,Kosi,Terai,Eastern,(1-6),14
Morang,Kosi,Terai,Eastern,(1-7),16
Morang,Kosi,Terai,Eastern,(1-8),92
Morang,Kosi,Terai,Eastern,(1-9),9
Morang,Kosi,Terai,Eastern,(1-10),107
Morang,Kosi,Terai,Eastern,(1-11),8
Morang,Kosi,Terai,Eastern,(1-12),84
Morang,Kosi,Terai,Eastern,(6-7),0
Morang,Kosi,Terai,Eastern,(6-8),0
Morang,Kosi,Terai,Eastern,(6-9),0
Morang,Kosi,Terai,Eastern,(6-10),2
Morang,Kosi,Terai,Eastern,(6-11),0
Morang,Kosi,Terai,Eastern,(6-12),2
Morang,Kosi,Terai,Eastern,(9-10),0
Morang,Kosi,Terai,Eastern,(9-11),0
Morang,Kosi,Terai,Eastern,(9-12),0
Morang,Kosi,Terai,Eastern,(11-12),13
Sunsari,Kosi,Terai,Eastern,1,16
Sunsari,Kosi,Terai,Eastern,(1-2),33
Sunsari,Kosi,Terai,Eastern,(1-3),61
Sunsari,Kosi,Terai,Eastern,(1-4),28
Sunsari,Kosi,Terai,Eastern,(1-5),251
Sunsari,Kosi,Terai,Eastern,(1-6),31
Sunsari,Kosi,Terai,Eastern,(1-7),41
Sunsari,Kosi,Terai,Eastern,(1-8),66
Sunsari,Kosi,Terai,Eastern,(1-9),14
Sunsari,Kosi,Terai,Eastern,(1-10),122
Sunsari,Kosi,Terai,Eastern,(1-11),1
Sunsari,Kosi,Terai,Eastern,(1-12),63
Sunsari,Kosi,Terai,Eastern,(6-7),1
Sunsari,Kosi,Terai,Eastern,(6-8),0
Sunsari,Kosi,Terai,Eastern,(6-9),0
Sunsari,Kosi,Terai,Eastern,(6-10),6
Sunsari,Kosi,Terai,Eastern,(6-11),0
Sunsari,Kosi,Terai,Eastern,(6-12),1
Sunsari,Kosi,Terai,Eastern,(9-10),0
Sunsari,Kosi,Terai,Eastern,(9-11),0
Sunsari,Kosi,Terai,Eastern,(9-12),0
Sunsari,Kosi,Terai,Eastern,(11-12),10
Saptari,Sagarmatha,Terai,Eastern,1,4
Saptari,Sagarmatha,Terai,Eastern,(1-2),33
Saptari,Sagarmatha,Terai,Eastern,(1-3),67
Saptari,Sagarmatha,Terai,Eastern,(1-4),21
Saptari,Sagarmatha,Terai,Eastern,(1-5),157
Saptari,Sagarmatha,Terai,Eastern,(1-6),33
Saptari,Sagarmatha,Terai,Eastern,(1-7),35
Saptari,Sagarmatha,Terai,Eastern,(1-8),44
Saptari,Sagarmatha,Terai,Eastern,(1-9),4
Saptari,Sagarmatha,Terai,Eastern,(1-10),42
Saptari,Sagarmatha,Terai,Eastern,(1-11),3
Saptari,Sagarmatha,Terai,Eastern,(1-12),38
Saptari,Sagarmatha,Terai,Eastern,(6-7),0
Saptari,Sagarmatha,Terai,Eastern,(6-8),0
Saptari,Sagarmatha,Terai,Eastern,(6-9),0
Saptari,Sagarmatha,Terai,Eastern,(6-10),0
Saptari,Sagarmatha,Terai,Eastern,(6-11),0
Saptari,Sagarmatha,Terai,Eastern,(6-12),1
Saptari,Sagarmatha,Terai,Eastern,(9-10),0
Saptari,Sagarmatha,Terai,Eastern,(9-11),0
Saptari,Sagarmatha,Terai,Eastern,(9-12),0
Saptari,Sagarmatha,Terai,Eastern,(11-12),2
Siraha,Sagarmatha,Terai,Eastern,1,7
Siraha,Sagarmatha,Terai,Eastern,(1-2),39
Siraha,Sagarmatha,Terai,Eastern,(1-3),64
Siraha,Sagarmatha,Terai,Eastern,(1-4),24
Siraha,Sagarmatha,Terai,Eastern,(1-5),203
Siraha,Sagarmatha,Terai,Eastern,(1-6),1
Siraha,Sagarmatha,Terai,Eastern,(1-7),13
Siraha,Sagarmatha,Terai,Eastern,(1-8),33
Siraha,Sagarmatha,Terai,Eastern,(1-9),1
Siraha,Sagarmatha,Terai,Eastern,(1-10),34
Siraha,Sagarmatha,Terai,Eastern,(1-11),2
Siraha,Sagarmatha,Terai,Eastern,(1-12),43
Siraha,Sagarmatha,Terai,Eastern,(6-7),0
Siraha,Sagarmatha,Terai,Eastern,(6-8),0
Siraha,Sagarmatha,Terai,Eastern,(6-9),0
Siraha,Sagarmatha,Terai,Eastern,(6-10),0
Siraha,Sagarmatha,Terai,Eastern,(6-11),0
Siraha,Sagarmatha,Terai,Eastern,(6-12),2
Siraha,Sagarmatha,Terai,Eastern,(9-10),0
Siraha,Sagarmatha,Terai,Eastern,(9-11),0
Siraha,Sagarmatha,Terai,Eastern,(9-12),0
Siraha,Sagarmatha,Terai,Eastern,(11-12),3
Dolakha,Janakpur,Mountain,Central,1,2
Dolakha,Janakpur,Mountain,Central,(1-2),15
Dolakha,Janakpur,Mountain,Central,(1-3),82
Dolakha,Janakpur,Mountain,Central,(1-4),23
Dolakha,Janakpur,Mountain,Central,(1-5),124
Dolakha,Janakpur,Mountain,Central,(1-6),16
Dolakha,Janakpur,Mountain,Central,(1-7),28
Dolakha,Janakpur,Mountain,Central,(1-8),46
Dolakha,Janakpur,Mountain,Central,(1-9),4
Dolakha,Janakpur,Mountain,Central,(1-10),47
Dolakha,Janakpur,Mountain,Central,(1-11),3
Dolakha,Janakpur,Mountain,Central,(1-12),39
Dolakha,Janakpur,Mountain,Central,(6-7),0
Dolakha,Janakpur,Mountain,Central,(6-8),0
Dolakha,Janakpur,Mountain,Central,(6-9),0
Dolakha,Janakpur,Mountain,Central,(6-10),0
Dolakha,Janakpur,Mountain,Central,(6-11),0
Dolakha,Janakpur,Mountain,Central,(6-12),0
Dolakha,Janakpur,Mountain,Central,(9-10),0
Dolakha,Janakpur,Mountain,Central,(9-11),0
Dolakha,Janakpur,Mountain,Central,(9-12),0
Dolakha,Janakpur,Mountain,Central,(11-12),2
Sindhupalchok,Bagmati,Mountain,Central,1,5
Sindhupalchok,Bagmati,Mountain,Central,(1-2),11
Sindhupalchok,Bagmati,Mountain,Central,(1-3),80
Sindhupalchok,Bagmati,Mountain,Central,(1-4),39
Sindhupalchok,Bagmati,Mountain,Central,(1-5),217
Sindhupalchok,Bagmati,Mountain,Central,(1-6),4
Sindhupalchok,Bagmati,Mountain,Central,(1-7),20
Sindhupalchok,Bagmati,Mountain,Central,(1-8),72
Sindhupalchok,Bagmati,Mountain,Central,(1-9),4
Sindhupalchok,Bagmati,Mountain,Central,(1-10),71
Sindhupalchok,Bagmati,Mountain,Central,(1-11),7
Sindhupalchok,Bagmati,Mountain,Central,(1-12),46
Sindhupalchok,Bagmati,Mountain,Central,(6-7),0
Sindhupalchok,Bagmati,Mountain,Central,(6-8),0
Sindhupalchok,Bagmati,Mountain,Central,(6-9),0
Sindhupalchok,Bagmati,Mountain,Central,(6-10),1
Sindhupalchok,Bagmati,Mountain,Central,(6-11),0
Sindhupalchok,Bagmati,Mountain,Central,(6-12),0
Sindhupalchok,Bagmati,Mountain,Central,(9-10),0
Sindhupalchok,Bagmati,Mountain,Central,(9-11),0
Sindhupalchok,Bagmati,Mountain,Central,(9-12),0
Sindhupalchok,Bagmati,Mountain,Central,(11-12),0
Rasuwa,Bagmati,Mountain,Central,1,2
Rasuwa,Bagmati,Mountain,Central,(1-2),1
Rasuwa,Bagmati,Mountain,Central,(1-3),19
Rasuwa,Bagmati,Mountain,Central,(1-4),5
Rasuwa,Bagmati,Mountain,Central,(1-5),41
Rasuwa,Bagmati,Mountain,Central,(1-6),2
Rasuwa,Bagmati,Mountain,Central,(1-7),5
Rasuwa,Bagmati,Mountain,Central,(1-8),16
Rasuwa,Bagmati,Mountain,Central,(1-9),3
Rasuwa,Bagmati,Mountain,Central,(1-10),9
Rasuwa,Bagmati,Mountain,Central,(1-11),0
Rasuwa,Bagmati,Mountain,Central,(1-12),10
Rasuwa,Bagmati,Mountain,Central,(6-7),0
Rasuwa,Bagmati,Mountain,Central,(6-8),0
Rasuwa,Bagmati,Mountain,Central,(6-9),0
Rasuwa,Bagmati,Mountain,Central,(6-10),0
Rasuwa,Bagmati,Mountain,Central,(6-11),0
Rasuwa,Bagmati,Mountain,Central,(6-12),0
Rasuwa,Bagmati,Mountain,Central,(9-10),0
Rasuwa,Bagmati,Mountain,Central,(9-11),0
Rasuwa,Bagmati,Mountain,Central,(9-12),0
Rasuwa,Bagmati,Mountain,Central,(11-12),0
Sindhuli,Janakpur,Hill,Central,1,0
Sindhuli,Janakpur,Hill,Central,(1-2),14
Sindhuli,Janakpur,Hill,Central,(1-3),49
Sindhuli,Janakpur,Hill,Central,(1-4),68
Sindhuli,Janakpur,Hill,Central,(1-5),243
Sindhuli,Janakpur,Hill,Central,(1-6),4
Sindhuli,Janakpur,Hill,Central,(1-7),10
Sindhuli,Janakpur,Hill,Central,(1-8),79
Sindhuli,Janakpur,Hill,Central,(1-9),5
Sindhuli,Janakpur,Hill,Central,(1-10),44
Sindhuli,Janakpur,Hill,Central,(1-11),9
Sindhuli,Janakpur,Hill,Central,(1-12),55
Sindhuli,Janakpur,Hill,Central,(6-7),0
Sindhuli,Janakpur,Hill,Central,(6-8),0
Sindhuli,Janakpur,Hill,Central,(6-9),0
Sindhuli,Janakpur,Hill,Central,(6-10),0
Sindhuli,Janakpur,Hill,Central,(6-11),0
Sindhuli,Janakpur,Hill,Central,(6-12),0
Sindhuli,Janakpur,Hill,Central,(9-10),0
Sindhuli,Janakpur,Hill,Central,(9-11),0
Sindhuli,Janakpur,Hill,Central,(9-12),0
Sindhuli,Janakpur,Hill,Central,(11-12),1
Ramechhap,Janakpur,Hill,Central,1,8
Ramechhap,Janakpur,Hill,Central,(1-2),15
Ramechhap,Janakpur,Hill,Central,(1-3),93
Ramechhap,Janakpur,Hill,Central,(1-4),26
Ramechhap,Janakpur,Hill,Central,(1-5),175
Ramechhap,Janakpur,Hill,Central,(1-6),2
Ramechhap,Janakpur,Hill,Central,(1-7),10
Ramechhap,Janakpur,Hill,Central,(1-8),72
Ramechhap,Janakpur,Hill,Central,(1-9),5
Ramechhap,Janakpur,Hill,Central,(1-10),45
Ramechhap,Janakpur,Hill,Central,(1-11),2
Ramechhap,Janakpur,Hill,Central,(1-12),39
Ramechhap,Janakpur,Hill,Central,(6-7),0
Ramechhap,Janakpur,Hill,Central,(6-8),0
Ramechhap,Janakpur,Hill,Central,(6-9),0
Ramechhap,Janakpur,Hill,Central,(6-10),0
Ramechhap,Janakpur,Hill,Central,(6-11),0
Ramechhap,Janakpur,Hill,Central,(6-12),1
Ramechhap,Janakpur,Hill,Central,(9-10),0
Ramechhap,Janakpur,Hill,Central,(9-11),0
Ramechhap,Janakpur,Hill,Central,(9-12),0
Ramechhap,Janakpur,Hill,Central,(11-12),0
Kavre,Bagmati,Hill,Central,1,6
Kavre,Bagmati,Hill,Central,(1-2),15
Kavre,Bagmati,Hill,Central,(1-3),63
Kavre,Bagmati,Hill,Central,(1-4),28
Kavre,Bagmati,Hill,Central,(1-5),263
Kavre,Bagmati,Hill,Central,(1-6),7
Kavre,Bagmati,Hill,Central,(1-7),28
Kavre,Bagmati,Hill,Central,(1-8),79
Kavre,Bagmati,Hill,Central,(1-9),6
Kavre,Bagmati,Hill,Central,(1-10),119
Kavre,Bagmati,Hill,Central,(1-11),4
Kavre,Bagmati,Hill,Central,(1-12),72
Kavre,Bagmati,Hill,Central,(6-7),0
Kavre,Bagmati,Hill,Central,(6-8),0
Kavre,Bagmati,Hill,Central,(6-9),0
Kavre,Bagmati,Hill,Central,(6-10),0
Kavre,Bagmati,Hill,Central,(6-11),0
Kavre,Bagmati,Hill,Central,(6-12),1
Kavre,Bagmati,Hill,Central,(9-10),0
Kavre,Bagmati,Hill,Central,(9-11),0
Kavre,Bagmati,Hill,Central,(9-12),0
Kavre,Bagmati,Hill,Central,(11-12),5
Nuwakot,Bagmati,Hill,Central,1,4
Nuwakot,Bagmati,Hill,Central,(1-2),19
Nuwakot,Bagmati,Hill,Central,(1-3),135
Nuwakot,Bagmati,Hill,Central,(1-4),26
Nuwakot,Bagmati,Hill,Central,(1-5),152
Nuwakot,Bagmati,Hill,Central,(1-6),4
Nuwakot,Bagmati,Hill,Central,(1-7),22
Nuwakot,Bagmati,Hill,Central,(1-8),53
Nuwakot,Bagmati,Hill,Central,(1-9),13
Nuwakot,Bagmati,Hill,Central,(1-10),45
Nuwakot,Bagmati,Hill,Central,(1-11),4
Nuwakot,Bagmati,Hill,Central,(1-12),43
Nuwakot,Bagmati,Hill,Central,(6-7),0
Nuwakot,Bagmati,Hill,Central,(6-8),0
Nuwakot,Bagmati,Hill,Central,(6-9),0
Nuwakot,Bagmati,Hill,Central,(6-10),0
Nuwakot,Bagmati,Hill,Central,(6-11),0
Nuwakot,Bagmati,Hill,Central,(6-12),0
Nuwakot,Bagmati,Hill,Central,(9-10),0
Nuwakot,Bagmati,Hill,Central,(9-11),0
Nuwakot,Bagmati,Hill,Central,(9-12),0
Nuwakot,Bagmati,Hill,Central,(11-12),1
Dhading,Bagmati,Hill,Central,1,14
Dhading,Bagmati,Hill,Central,(1-2),14
Dhading,Bagmati,Hill,Central,(1-3),124
Dhading,Bagmati,Hill,Central,(1-4),38
Dhading,Bagmati,Hill,Central,(1-5),227
Dhading,Bagmati,Hill,Central,(1-6),3
Dhading,Bagmati,Hill,Central,(1-7),19
Dhading,Bagmati,Hill,Central,(1-8),73
Dhading,Bagmati,Hill,Central,(1-9),3
Dhading,Bagmati,Hill,Central,(1-10),84
Dhading,Bagmati,Hill,Central,(1-11),3
Dhading,Bagmati,Hill,Central,(1-12),51
Dhading,Bagmati,Hill,Central,(6-7),0
Dhading,Bagmati,Hill,Central,(6-8),0
Dhading,Bagmati,Hill,Central,(6-9),0
Dhading,Bagmati,Hill,Central,(6-10),0
Dhading,Bagmati,Hill,Central,(6-11),0
Dhading,Bagmati,Hill,Central,(6-12),0
Dhading,Bagmati,Hill,Central,(9-10),0
Dhading,Bagmati,Hill,Central,(9-11),0
Dhading,Bagmati,Hill,Central,(9-12),0
Dhading,Bagmati,Hill,Central,(11-12),0
Makwanpur,Narayani,Hill,Central,1,9
Makwanpur,Narayani,Hill,Central,(1-2),13
Makwanpur,Narayani,Hill,Central,(1-3),105
Makwanpur,Narayani,Hill,Central,(1-4),32
Makwanpur,Narayani,Hill,Central,(1-5),228
Makwanpur,Narayani,Hill,Central,(1-6),6
Makwanpur,Narayani,Hill,Central,(1-7),17
Makwanpur,Narayani,Hill,Central,(1-8),76
Makwanpur,Narayani,Hill,Central,(1-9),6
Makwanpur,Narayani,Hill,Central,(1-10),77
Makwanpur,Narayani,Hill,Central,(1-11),2
Makwanpur,Narayani,Hill,Central,(1-12),31
Makwanpur,Narayani,Hill,Central,(6-7),0
Makwanpur,Narayani,Hill,Central,(6-8),1
Makwanpur,Narayani,Hill,Central,(6-9),0
Makwanpur,Narayani,Hill,Central,(6-10),0
Makwanpur,Narayani,Hill,Central,(6-11),0
Makwanpur,Narayani,Hill,Central,(6-12),0
Makwanpur,Narayani,Hill,Central,(9-10),0
Makwanpur,Narayani,Hill,Central,(9-11),0
Makwanpur,Narayani,Hill,Central,(9-12),0
Makwanpur,Narayani,Hill,Central,(11-12),3
Dhanusa,Janakpur,Terai,Central,1,14
Dhanusa,Janakpur,Terai,Central,(1-2),32
Dhanusa,Janakpur,Terai,Central,(1-3),39
Dhanusa,Janakpur,Terai,Central,(1-4),18
Dhanusa,Janakpur,Terai,Central,(1-5),167
Dhanusa,Janakpur,Terai,Central,(1-6),12
Dhanusa,Janakpur,Terai,Central,(1-7),15
Dhanusa,Janakpur,Terai,Central,(1-8),34
Dhanusa,Janakpur,Terai,Central,(1-9),3
Dhanusa,Janakpur,Terai,Central,(1-10),4
Dhanusa,Janakpur,Terai,Central,(1-11),3
Dhanusa,Janakpur,Terai,Central,(1-12),48
Dhanusa,Janakpur,Terai,Central,(6-7),0
Dhanusa,Janakpur,Terai,Central,(6-8),0
Dhanusa,Janakpur,Terai,Central,(6-9),0
Dhanusa,Janakpur,Terai,Central,(6-10),0
Dhanusa,Janakpur,Terai,Central,(6-11),0
Dhanusa,Janakpur,Terai,Central,(6-12),1
Dhanusa,Janakpur,Terai,Central,(9-10),0
Dhanusa,Janakpur,Terai,Central,(9-11),0
Dhanusa,Janakpur,Terai,Central,(9-12),0
Dhanusa,Janakpur,Terai,Central,(11-12),10
Mahottari,Janakpur,Terai,Central,1,18
Mahottari,Janakpur,Terai,Central,(1-2),39
Mahottari,Janakpur,Terai,Central,(1-3),78
Mahottari,Janakpur,Terai,Central,(1-4),17
Mahottari,Janakpur,Terai,Central,(1-5),119
Mahottari,Janakpur,Terai,Central,(1-6),3
Mahottari,Janakpur,Terai,Central,(1-7),20
Mahottari,Janakpur,Terai,Central,(1-8),39
Mahottari,Janakpur,Terai,Central,(1-9),4
Mahottari,Janakpur,Terai,Central,(1-10),35
Mahottari,Janakpur,Terai,Central,(1-11),2
Mahottari,Janakpur,Terai,Central,(1-12),36
Mahottari,Janakpur,Terai,Central,(6-7),0
Mahottari,Janakpur,Terai,Central,(6-8),0
Mahottari,Janakpur,Terai,Central,(6-9),0
Mahottari,Janakpur,Terai,Central,(6-10),1
Mahottari,Janakpur,Terai,Central,(6-11),0
Mahottari,Janakpur,Terai,Central,(6-12),2
Mahottari,Janakpur,Terai,Central,(9-10),0
Mahottari,Janakpur,Terai,Central,(9-11),0
Mahottari,Janakpur,Terai,Central,(9-12),0
Mahottari,Janakpur,Terai,Central,(11-12),2
Sarlahi,Janakpur,Terai,Central,1,12
Sarlahi,Janakpur,Terai,Central,(1-2),126
Sarlahi,Janakpur,Terai,Central,(1-3),128
Sarlahi,Janakpur,Terai,Central,(1-4),80
Sarlahi,Janakpur,Terai,Central,(1-5),240
Sarlahi,Janakpur,Terai,Central,(1-6),8
Sarlahi,Janakpur,Terai,Central,(1-7),17
Sarlahi,Janakpur,Terai,Central,(1-8),46
Sarlahi,Janakpur,Terai,Central,(1-9),2
Sarlahi,Janakpur,Terai,Central,(1-10),31
Sarlahi,Janakpur,Terai,Central,(1-11),1
Sarlahi,Janakpur,Terai,Central,(1-12),50
Sarlahi,Janakpur,Terai,Central,(6-7),0
Sarlahi,Janakpur,Terai,Central,(6-8),0
Sarlahi,Janakpur,Terai,Central,(6-9),0
Sarlahi,Janakpur,Terai,Central,(6-10),1
Sarlahi,Janakpur,Terai,Central,(6-11),0
Sarlahi,Janakpur,Terai,Central,(6-12),0
Sarlahi,Janakpur,Terai,Central,(9-10),0
Sarlahi,Janakpur,Terai,Central,(9-11),0
Sarlahi,Janakpur,Terai,Central,(9-12),0
Sarlahi,Janakpur,Terai,Central,(11-12),3
Rautahat,Narayani,Terai,Central,1,1
Rautahat,Narayani,Terai,Central,(1-2),16
Rautahat,Narayani,Terai,Central,(1-3),51
Rautahat,Narayani,Terai,Central,(1-4),95
Rautahat,Narayani,Terai,Central,(1-5),188
Rautahat,Narayani,Terai,Central,(1-6),7
Rautahat,Narayani,Terai,Central,(1-7),11
Rautahat,Narayani,Terai,Central,(1-8),49
Rautahat,Narayani,Terai,Central,(1-9),4
Rautahat,Narayani,Terai,Central,(1-10),27
Rautahat,Narayani,Terai,Central,(1-11),1
Rautahat,Narayani,Terai,Central,(1-12),34
Rautahat,Narayani,Terai,Central,(6-7),0
Rautahat,Narayani,Terai,Central,(6-8),0
Rautahat,Narayani,Terai,Central,(6-9),0
Rautahat,Narayani,Terai,Central,(6-10),0
Rautahat,Narayani,Terai,Central,(6-11),0
Rautahat,Narayani,Terai,Central,(6-12),0
Rautahat,Narayani,Terai,Central,(9-10),0
Rautahat,Narayani,Terai,Central,(9-11),0
Rautahat,Narayani,Terai,Central,(9-12),0
Rautahat,Narayani,Terai,Central,(11-12),3
Bara,Narayani,Terai,Central,1,0
Bara,Narayani,Terai,Central,(1-2),2
Bara,Narayani,Terai,Central,(1-3),36
Bara,Narayani,Terai,Central,(1-4),54
Bara,Narayani,Terai,Central,(1-5),182
Bara,Narayani,Terai,Central,(1-6),6
Bara,Narayani,Terai,Central,(1-7),22
Bara,Narayani,Terai,Central,(1-8),51
Bara,Narayani,Terai,Central,(1-9),1
Bara,Narayani,Terai,Central,(1-10),14
Bara,Narayani,Terai,Central,(1-11),4
Bara,Narayani,Terai,Central,(1-12),44
Bara,Narayani,Terai,Central,(6-7),0
Bara,Narayani,Terai,Central,(6-8),0
Bara,Narayani,Terai,Central,(6-9),0
Bara,Narayani,Terai,Central,(6-10),0
Bara,Narayani,Terai,Central,(6-11),0
Bara,Narayani,Terai,Central,(6-12),0
Bara,Narayani,Terai,Central,(9-10),0
Bara,Narayani,Terai,Central,(9-11),0
Bara,Narayani,Terai,Central,(9-12),0
Bara,Narayani,Terai,Central,(11-12),2
Parsa,Narayani,Terai,Central,1,2
Parsa,Narayani,Terai,Central,(1-2),11
Parsa,Narayani,Terai,Central,(1-3),53
Parsa,Narayani,Terai,Central,(1-4),37
Parsa,Narayani,Terai,Central,(1-5),154
Parsa,Narayani,Terai,Central,(1-6),9
Parsa,Narayani,Terai,Central,(1-7),24
Parsa,Narayani,Terai,Central,(1-8),31
Parsa,Narayani,Terai,Central,(1-9),4
Parsa,Narayani,Terai,Central,(1-10),31
Parsa,Narayani,Terai,Central,(1-11),3
Parsa,Narayani,Terai,Central,(1-12),25
Parsa,Narayani,Terai,Central,(6-7),0
Parsa,Narayani,Terai,Central,(6-8),0
Parsa,Narayani,Terai,Central,(6-9),1
Parsa,Narayani,Terai,Central,(6-10),1
Parsa,Narayani,Terai,Central,(6-11),0
Parsa,Narayani,Terai,Central,(6-12),0
Parsa,Narayani,Terai,Central,(9-10),0
Parsa,Narayani,Terai,Central,(9-11),0
Parsa,Narayani,Terai,Central,(9-12),0
Parsa,Narayani,Terai,Central,(11-12),6
Chitawan,Narayani,Terai,Central,1,1
Chitawan,Narayani,Terai,Central,(1-2),3
Chitawan,Narayani,Terai,Central,(1-3),45
Chitawan,Narayani,Terai,Central,(1-4),15
Chitawan,Narayani,Terai,Central,(1-5),175
Chitawan,Narayani,Terai,Central,(1-6),7
Chitawan,Narayani,Terai,Central,(1-7),10
Chitawan,Narayani,Terai,Central,(1-8),73
Chitawan,Narayani,Terai,Central,(1-9),4
Chitawan,Narayani,Terai,Central,(1-10),124
Chitawan,Narayani,Terai,Central,(1-11),2
Chitawan,Narayani,Terai,Central,(1-12),62
Chitawan,Narayani,Terai,Central,(6-7),0
Chitawan,Narayani,Terai,Central,(6-8),2
Chitawan,Narayani,Terai,Central,(6-9),0
Chitawan,Narayani,Terai,Central,(6-10),4
Chitawan,Narayani,Terai,Central,(6-11),0
Chitawan,Narayani,Terai,Central,(6-12),1
Chitawan,Narayani,Terai,Central,(9-10),0
Chitawan,Narayani,Terai,Central,(9-11),0
Chitawan,Narayani,Terai,Central,(9-12),0
Chitawan,Narayani,Terai,Central,(11-12),15
Lalitpur,Bagmati,Hill,Central,1,0
Lalitpur,Bagmati,Hill,Central,(1-2),5
Lalitpur,Bagmati,Hill,Central,(1-3),24
Lalitpur,Bagmati,Hill,Central,(1-4),17
Lalitpur,Bagmati,Hill,Central,(1-5),93
Lalitpur,Bagmati,Hill,Central,(1-6),13
Lalitpur,Bagmati,Hill,Central,(1-7),20
Lalitpur,Bagmati,Hill,Central,(1-8),36
Lalitpur,Bagmati,Hill,Central,(1-9),9
Lalitpur,Bagmati,Hill,Central,(1-10),166
Lalitpur,Bagmati,Hill,Central,(1-11),2
Lalitpur,Bagmati,Hill,Central,(1-12),74
Lalitpur,Bagmati,Hill,Central,(6-7),0
Lalitpur,Bagmati,Hill,Central,(6-8),0
Lalitpur,Bagmati,Hill,Central,(6-9),0
Lalitpur,Bagmati,Hill,Central,(6-10),2
Lalitpur,Bagmati,Hill,Central,(6-11),0
Lalitpur,Bagmati,Hill,Central,(6-12),1
Lalitpur,Bagmati,Hill,Central,(9-10),0
Lalitpur,Bagmati,Hill,Central,(9-11),0
Lalitpur,Bagmati,Hill,Central,(9-12),0
Lalitpur,Bagmati,Hill,Central,(11-12),26
Bhaktapur,Bagmati,Hill,Central,1,0
Bhaktapur,Bagmati,Hill,Central,(1-2),0
Bhaktapur,Bagmati,Hill,Central,(1-3),1
Bhaktapur,Bagmati,Hill,Central,(1-4),1
Bhaktapur,Bagmati,Hill,Central,(1-5),66
Bhaktapur,Bagmati,Hill,Central,(1-6),14
Bhaktapur,Bagmati,Hill,Central,(1-7),23
Bhaktapur,Bagmati,Hill,Central,(1-8),35
Bhaktapur,Bagmati,Hill,Central,(1-9),11
Bhaktapur,Bagmati,Hill,Central,(1-10),140
Bhaktapur,Bagmati,Hill,Central,(1-11),2
Bhaktapur,Bagmati,Hill,Central,(1-12),27
Bhaktapur,Bagmati,Hill,Central,(6-7),0
Bhaktapur,Bagmati,Hill,Central,(6-8),0
Bhaktapur,Bagmati,Hill,Central,(6-9),0
Bhaktapur,Bagmati,Hill,Central,(6-10),6
Bhaktapur,Bagmati,Hill,Central,(6-11),0
Bhaktapur,Bagmati,Hill,Central,(6-12),0
Bhaktapur,Bagmati,Hill,Central,(9-10),2
Bhaktapur,Bagmati,Hill,Central,(9-11),0
Bhaktapur,Bagmati,Hill,Central,(9-12),0
Bhaktapur,Bagmati,Hill,Central,(11-12),27
Kathmandu,Bagmati,Hill,Central,1,3
Kathmandu,Bagmati,Hill,Central,(1-2),16
Kathmandu,Bagmati,Hill,Central,(1-3),17
Kathmandu,Bagmati,Hill,Central,(1-4),16
Kathmandu,Bagmati,Hill,Central,(1-5),156
Kathmandu,Bagmati,Hill,Central,(1-6),31
Kathmandu,Bagmati,Hill,Central,(1-7),55
Kathmandu,Bagmati,Hill,Central,(1-8),127
Kathmandu,Bagmati,Hill,Central,(1-9),47
Kathmandu,Bagmati,Hill,Central,(1-10),618
Kathmandu,Bagmati,Hill,Central,(1-11),16
Kathmandu,Bagmati,Hill,Central,(1-12),196
Kathmandu,Bagmati,Hill,Central,(6-7),0
Kathmandu,Bagmati,Hill,Central,(6-8),0
Kathmandu,Bagmati,Hill,Central,(6-9),0
Kathmandu,Bagmati,Hill,Central,(6-10),5
Kathmandu,Bagmati,Hill,Central,(6-11),0
Kathmandu,Bagmati,Hill,Central,(6-12),1
Kathmandu,Bagmati,Hill,Central,(9-10),0
Kathmandu,Bagmati,Hill,Central,(9-11),0
Kathmandu,Bagmati,Hill,Central,(9-12),0
Kathmandu,Bagmati,Hill,Central,(11-12),66
Manang,Gandaki,Mountain,Western,1,0
Manang,Gandaki,Mountain,Western,(1-2),0
Manang,Gandaki,Mountain,Western,(1-3),2
Manang,Gandaki,Mountain,Western,(1-4),0
Manang,Gandaki,Mountain,Western,(1-5),12
Manang,Gandaki,Mountain,Western,(1-6),2
Manang,Gandaki,Mountain,Western,(1-7),10
Manang,Gandaki,Mountain,Western,(1-8),2
Manang,Gandaki,Mountain,Western,(1-9),0
Manang,Gandaki,Mountain,Western,(1-10),2
Manang,Gandaki,Mountain,Western,(1-11),0
Manang,Gandaki,Mountain,Western,(1-12),2
Manang,Gandaki,Mountain,Western,(6-7),0
Manang,Gandaki,Mountain,Western,(6-8),0
Manang,Gandaki,Mountain,Western,(6-9),0
Manang,Gandaki,Mountain,Western,(6-10),0
Manang,Gandaki,Mountain,Western,(6-11),0
Manang,Gandaki,Mountain,Western,(6-12),0
Manang,Gandaki,Mountain,Western,(9-10),0
Manang,Gandaki,Mountain,Western,(9-11),0
Manang,Gandaki,Mountain,Western,(9-12),0
Manang,Gandaki,Mountain,Western,(11-12),0
Mustang,Dhawalagiri,Mountain,Western,1,0
Mustang,Dhawalagiri,Mountain,Western,(1-2),0
Mustang,Dhawalagiri,Mountain,Western,(1-3),1
Mustang,Dhawalagiri,Mountain,Western,(1-4),0
Mustang,Dhawalagiri,Mountain,Western,(1-5),51
Mustang,Dhawalagiri,Mountain,Western,(1-6),1
Mustang,Dhawalagiri,Mountain,Western,(1-7),3
Mustang,Dhawalagiri,Mountain,Western,(1-8),6
Mustang,Dhawalagiri,Mountain,Western,(1-9),0
Mustang,Dhawalagiri,Mountain,Western,(1-10),6
Mustang,Dhawalagiri,Mountain,Western,(1-11),0
Mustang,Dhawalagiri,Mountain,Western,(1-12),2
Mustang,Dhawalagiri,Mountain,Western,(6-7),0
Mustang,Dhawalagiri,Mountain,Western,(6-8),0
Mustang,Dhawalagiri,Mountain,Western,(6-9),0
Mustang,Dhawalagiri,Mountain,Western,(6-10),0
Mustang,Dhawalagiri,Mountain,Western,(6-11),0
Mustang,Dhawalagiri,Mountain,Western,(6-12),0
Mustang,Dhawalagiri,Mountain,Western,(9-10),0
Mustang,Dhawalagiri,Mountain,Western,(9-11),0
Mustang,Dhawalagiri,Mountain,Western,(9-12),0
Mustang,Dhawalagiri,Mountain,Western,(11-12),0
Gorkha,Gandaki,Hill,Western,1,13
Gorkha,Gandaki,Hill,Western,(1-2),19
Gorkha,Gandaki,Hill,Western,(1-3),149
Gorkha,Gandaki,Hill,Western,(1-4),27
Gorkha,Gandaki,Hill,Western,(1-5),177
Gorkha,Gandaki,Hill,Western,(1-6),6
Gorkha,Gandaki,Hill,Western,(1-7),17
Gorkha,Gandaki,Hill,Western,(1-8),59
Gorkha,Gandaki,Hill,Western,(1-9),6
Gorkha,Gandaki,Hill,Western,(1-10),45
Gorkha,Gandaki,Hill,Western,(1-11),5
Gorkha,Gandaki,Hill,Western,(1-12),50
Gorkha,Gandaki,Hill,Western,(6-7),0
Gorkha,Gandaki,Hill,Western,(6-8),0
Gorkha,Gandaki,Hill,Western,(6-9),0
Gorkha,Gandaki,Hill,Western,(6-10),0
Gorkha,Gandaki,Hill,Western,(6-11),0
Gorkha,Gandaki,Hill,Western,(6-12),0
Gorkha,Gandaki,Hill,Western,(9-10),0
Gorkha,Gandaki,Hill,Western,(9-11),0
Gorkha,Gandaki,Hill,Western,(9-12),0
Gorkha,Gandaki,Hill,Western,(11-12),1
Lamjung,Gandaki,Hill,Western,1,1
Lamjung,Gandaki,Hill,Western,(1-2),4
Lamjung,Gandaki,Hill,Western,(1-3),107
Lamjung,Gandaki,Hill,Western,(1-4),0
Lamjung,Gandaki,Hill,Western,(1-5),173
Lamjung,Gandaki,Hill,Western,(1-6),4
Lamjung,Gandaki,Hill,Western,(1-7),12
Lamjung,Gandaki,Hill,Western,(1-8),31
Lamjung,Gandaki,Hill,Western,(1-9),3
Lamjung,Gandaki,Hill,Western,(1-10),59
Lamjung,Gandaki,Hill,Western,(1-11),2
Lamjung,Gandaki,Hill,Western,(1-12),26
Lamjung,Gandaki,Hill,Western,(6-7),0
Lamjung,Gandaki,Hill,Western,(6-8),0
Lamjung,Gandaki,Hill,Western,(6-9),0
Lamjung,Gandaki,Hill,Western,(6-10),0
Lamjung,Gandaki,Hill,Western,(6-11),0
Lamjung,Gandaki,Hill,Western,(6-12),0
Lamjung,Gandaki,Hill,Western,(9-10),0
Lamjung,Gandaki,Hill,Western,(9-11),0
Lamjung,Gandaki,Hill,Western,(9-12),0
Lamjung,Gandaki,Hill,Western,(11-12),2
Tanahu,Gandaki,Hill,Western,1,4
Tanahu,Gandaki,Hill,Western,(1-2),4
Tanahu,Gandaki,Hill,Western,(1-3),152
Tanahu,Gandaki,Hill,Western,(1-4),16
Tanahu,Gandaki,Hill,Western,(1-5),217
Tanahu,Gandaki,Hill,Western,(1-6),10
Tanahu,Gandaki,Hill,Western,(1-7),17
Tanahu,Gandaki,Hill,Western,(1-8),86
Tanahu,Gandaki,Hill,Western,(1-9),4
Tanahu,Gandaki,Hill,Western,(1-10),79
Tanahu,Gandaki,Hill,Western,(1-11),3
Tanahu,Gandaki,Hill,Western,(1-12),50
Tanahu,Gandaki,Hill,Western,(6-7),1
Tanahu,Gandaki,Hill,Western,(6-8),0
Tanahu,Gandaki,Hill,Western,(6-9),0
Tanahu,Gandaki,Hill,Western,(6-10),2
Tanahu,Gandaki,Hill,Western,(6-11),0
Tanahu,Gandaki,Hill,Western,(6-12),4
Tanahu,Gandaki,Hill,Western,(9-10),0
Tanahu,Gandaki,Hill,Western,(9-11),0
Tanahu,Gandaki,Hill,Western,(9-12),0
Tanahu,Gandaki,Hill,Western,(11-12),5
Syangja,Gandaki,Hill,Western,1,2
Syangja,Gandaki,Hill,Western,(1-2),3
Syangja,Gandaki,Hill,Western,(1-3),157
Syangja,Gandaki,Hill,Western,(1-4),14
Syangja,Gandaki,Hill,Western,(1-5),205
Syangja,Gandaki,Hill,Western,(1-6),9
Syangja,Gandaki,Hill,Western,(1-7),16
Syangja,Gandaki,Hill,Western,(1-8),61
Syangja,Gandaki,Hill,Western,(1-9),9
Syangja,Gandaki,Hill,Western,(1-10),74
Syangja,Gandaki,Hill,Western,(1-11),1
Syangja,Gandaki,Hill,Western,(1-12),76
Syangja,Gandaki,Hill,Western,(6-7),1
Syangja,Gandaki,Hill,Western,(6-8),0
Syangja,Gandaki,Hill,Western,(6-9),0
Syangja,Gandaki,Hill,Western,(6-10),0
Syangja,Gandaki,Hill,Western,(6-11),0
Syangja,Gandaki,Hill,Western,(6-12),5
Syangja,Gandaki,Hill,Western,(9-10),0
Syangja,Gandaki,Hill,Western,(9-11),0
Syangja,Gandaki,Hill,Western,(9-12),0
Syangja,Gandaki,Hill,Western,(11-12),4
Kaski,Gandaki,Hill,Western,1,0
Kaski,Gandaki,Hill,Western,(1-2),2
Kaski,Gandaki,Hill,Western,(1-3),59
Kaski,Gandaki,Hill,Western,(1-4),9
Kaski,Gandaki,Hill,Western,(1-5),225
Kaski,Gandaki,Hill,Western,(1-6),9
Kaski,Gandaki,Hill,Western,(1-7),14
Kaski,Gandaki,Hill,Western,(1-8),50
Kaski,Gandaki,Hill,Western,(1-9),9
Kaski,Gandaki,Hill,Western,(1-10),148
Kaski,Gandaki,Hill,Western,(1-11),9
Kaski,Gandaki,Hill,Western,(1-12),92
Kaski,Gandaki,Hill,Western,(6-7),2
Kaski,Gandaki,Hill,Western,(6-8),0
Kaski,Gandaki,Hill,Western,(6-9),0
Kaski,Gandaki,Hill,Western,(6-10),4
Kaski,Gandaki,Hill,Western,(6-11),0
Kaski,Gandaki,Hill,Western,(6-12),5
Kaski,Gandaki,Hill,Western,(9-10),0
Kaski,Gandaki,Hill,Western,(9-11),0
Kaski,Gandaki,Hill,Western,(9-12),0
Kaski,Gandaki,Hill,Western,(11-12),8
Myagdi,Dhawalagiri,Hill,Western,1,3
Myagdi,Dhawalagiri,Hill,Western,(1-2),6
Myagdi,Dhawalagiri,Hill,Western,(1-3),45
Myagdi,Dhawalagiri,Hill,Western,(1-4),10
Myagdi,Dhawalagiri,Hill,Western,(1-5),98
Myagdi,Dhawalagiri,Hill,Western,(1-6),2
Myagdi,Dhawalagiri,Hill,Western,(1-7),10
Myagdi,Dhawalagiri,Hill,Western,(1-8),29
Myagdi,Dhawalagiri,Hill,Western,(1-9),5
Myagdi,Dhawalagiri,Hill,Western,(1-10),43
Myagdi,Dhawalagiri,Hill,Western,(1-11),1
Myagdi,Dhawalagiri,Hill,Western,(1-12),20
Myagdi,Dhawalagiri,Hill,Western,(6-7),0
Myagdi,Dhawalagiri,Hill,Western,(6-8),0
Myagdi,Dhawalagiri,Hill,Western,(6-9),0
Myagdi,Dhawalagiri,Hill,Western,(6-10),0
Myagdi,Dhawalagiri,Hill,Western,(6-11),0
Myagdi,Dhawalagiri,Hill,Western,(6-12),0
Myagdi,Dhawalagiri,Hill,Western,(9-10),0
Myagdi,Dhawalagiri,Hill,Western,(9-11),0
Myagdi,Dhawalagiri,Hill,Western,(9-12),0
Myagdi,Dhawalagiri,Hill,Western,(11-12),1
Parbat,Dhawalagiri,Hill,Western,1,3
Parbat,Dhawalagiri,Hill,Western,(1-2),10
Parbat,Dhawalagiri,Hill,Western,(1-3),77
Parbat,Dhawalagiri,Hill,Western,(1-4),11
Parbat,Dhawalagiri,Hill,Western,(1-5),140
Parbat,Dhawalagiri,Hill,Western,(1-6),0
Parbat,Dhawalagiri,Hill,Western,(1-7),10
Parbat,Dhawalagiri,Hill,Western,(1-8),29
Parbat,Dhawalagiri,Hill,Western,(1-9),1
Parbat,Dhawalagiri,Hill,Western,(1-10),51
Parbat,Dhawalagiri,Hill,Western,(1-11),2
Parbat,Dhawalagiri,Hill,Western,(1-12),33
Parbat,Dhawalagiri,Hill,Western,(6-7),0
Parbat,Dhawalagiri,Hill,Western,(6-8),0
Parbat,Dhawalagiri,Hill,Western,(6-9),0
Parbat,Dhawalagiri,Hill,Western,(6-10),0
Parbat,Dhawalagiri,Hill,Western,(6-11),0
Parbat,Dhawalagiri,Hill,Western,(6-12),0
Parbat,Dhawalagiri,Hill,Western,(9-10),0
Parbat,Dhawalagiri,Hill,Western,(9-11),0
Parbat,Dhawalagiri,Hill,Western,(9-12),0
Parbat,Dhawalagiri,Hill,Western,(11-12),2
Baglung,Dhawalagiri,Hill,Western,1,3
Baglung,Dhawalagiri,Hill,Western,(1-2),14
Baglung,Dhawalagiri,Hill,Western,(1-3),127
Baglung,Dhawalagiri,Hill,Western,(1-4),17
Baglung,Dhawalagiri,Hill,Western,(1-5),204
Baglung,Dhawalagiri,Hill,Western,(1-6),11
Baglung,Dhawalagiri,Hill,Western,(1-7),21
Baglung,Dhawalagiri,Hill,Western,(1-8),60
Baglung,Dhawalagiri,Hill,Western,(1-9),11
Baglung,Dhawalagiri,Hill,Western,(1-10),59
Baglung,Dhawalagiri,Hill,Western,(1-11),6
Baglung,Dhawalagiri,Hill,Western,(1-12),56
Baglung,Dhawalagiri,Hill,Western,(6-7),0
Baglung,Dhawalagiri,Hill,Western,(6-8),2
Baglung,Dhawalagiri,Hill,Western,(6-9),0
Baglung,Dhawalagiri,Hill,Western,(6-10),1
Baglung,Dhawalagiri,Hill,Western,(6-11),0
Baglung,Dhawalagiri,Hill,Western,(6-12),2
Baglung,Dhawalagiri,Hill,Western,(9-10),0
Baglung,Dhawalagiri,Hill,Western,(9-11),0
Baglung,Dhawalagiri,Hill,Western,(9-12),0
Baglung,Dhawalagiri,Hill,Western,(11-12),0
Gulmi,Lumbini,Hill,Western,1,7
Gulmi,Lumbini,Hill,Western,(1-2),27
Gulmi,Lumbini,Hill,Western,(1-3),176
Gulmi,Lumbini,Hill,Western,(1-4),17
Gulmi,Lumbini,Hill,Western,(1-5),180
Gulmi,Lumbini,Hill,Western,(1-6),9
Gulmi,Lumbini,Hill,Western,(1-7),11
Gulmi,Lumbini,Hill,Western,(1-8),58
Gulmi,Lumbini,Hill,Western,(1-9),4
Gulmi,Lumbini,Hill,Western,(1-10),75
Gulmi,Lumbini,Hill,Western,(1-11),0
Gulmi,Lumbini,Hill,Western,(1-12),47
Gulmi,Lumbini,Hill,Western,(6-7),0
Gulmi,Lumbini,Hill,Western,(6-8),0
Gulmi,Lumbini,Hill,Western,(6-9),0
Gulmi,Lumbini,Hill,Western,(6-10),1
Gulmi,Lumbini,Hill,Western,(6-11),0
Gulmi,Lumbini,Hill,Western,(6-12),3
Gulmi,Lumbini,Hill,Western,(9-10),0
Gulmi,Lumbini,Hill,Western,(9-11),0
Gulmi,Lumbini,Hill,Western,(9-12),0
Gulmi,Lumbini,Hill,Western,(11-12),1
Palpa,Lumbini,Hill,Western,1,2
Palpa,Lumbini,Hill,Western,(1-2),10
Palpa,Lumbini,Hill,Western,(1-3),48
Palpa,Lumbini,Hill,Western,(1-4),18
Palpa,Lumbini,Hill,Western,(1-5),194
Palpa,Lumbini,Hill,Western,(1-6),5
Palpa,Lumbini,Hill,Western,(1-7),15
Palpa,Lumbini,Hill,Western,(1-8),82
Palpa,Lumbini,Hill,Western,(1-9),3
Palpa,Lumbini,Hill,Western,(1-10),55
Palpa,Lumbini,Hill,Western,(1-11),2
Palpa,Lumbini,Hill,Western,(1-12),59
Palpa,Lumbini,Hill,Western,(6-7),0
Palpa,Lumbini,Hill,Western,(6-8),0
Palpa,Lumbini,Hill,Western,(6-9),0
Palpa,Lumbini,Hill,Western,(6-10),0
Palpa,Lumbini,Hill,Western,(6-11),0
Palpa,Lumbini,Hill,Western,(6-12),0
Palpa,Lumbini,Hill,Western,(9-10),0
Palpa,Lumbini,Hill,Western,(9-11),0
Palpa,Lumbini,Hill,Western,(9-12),0
Palpa,Lumbini,Hill,Western,(11-12),3
Arghakhanchi,Lumbini,Hill,Western,1,8
Arghakhanchi,Lumbini,Hill,Western,(1-2),14
Arghakhanchi,Lumbini,Hill,Western,(1-3),122
Arghakhanchi,Lumbini,Hill,Western,(1-4),10
Arghakhanchi,Lumbini,Hill,Western,(1-5),165
Arghakhanchi,Lumbini,Hill,Western,(1-6),0
Arghakhanchi,Lumbini,Hill,Western,(1-7),6
Arghakhanchi,Lumbini,Hill,Western,(1-8),44
Arghakhanchi,Lumbini,Hill,Western,(1-9),1
Arghakhanchi,Lumbini,Hill,Western,(1-10),47
Arghakhanchi,Lumbini,Hill,Western,(1-11),2
Arghakhanchi,Lumbini,Hill,Western,(1-12),24
Arghakhanchi,Lumbini,Hill,Western,(6-7),0
Arghakhanchi,Lumbini,Hill,Western,(6-8),0
Arghakhanchi,Lumbini,Hill,Western,(6-9),0
Arghakhanchi,Lumbini,Hill,Western,(6-10),0
Arghakhanchi,Lumbini,Hill,Western,(6-11),0
Arghakhanchi,Lumbini,Hill,Western,(6-12),6
Arghakhanchi,Lumbini,Hill,Western,(9-10),0
Arghakhanchi,Lumbini,Hill,Western,(9-11),0
Arghakhanchi,Lumbini,Hill,Western,(9-12),0
Arghakhanchi,Lumbini,Hill,Western,(11-12),2
Nawalparasi,Lumbini,Terai,Western,1,8
Nawalparasi,Lumbini,Terai,Western,(1-2),11
Nawalparasi,Lumbini,Terai,Western,(1-3),42
Nawalparasi,Lumbini,Terai,Western,(1-4),24
Nawalparasi,Lumbini,Terai,Western,(1-5),258
Nawalparasi,Lumbini,Terai,Western,(1-6),18
Nawalparasi,Lumbini,Terai,Western,(1-7),33
Nawalparasi,Lumbini,Terai,Western,(1-8),103
Nawalparasi,Lumbini,Terai,Western,(1-9),14
Nawalparasi,Lumbini,Terai,Western,(1-10),103
Nawalparasi,Lumbini,Terai,Western,(1-11),2
Nawalparasi,Lumbini,Terai,Western,(1-12),74
Nawalparasi,Lumbini,Terai,Western,(6-7),0
Nawalparasi,Lumbini,Terai,Western,(6-8),0
Nawalparasi,Lumbini,Terai,Western,(6-9),0
Nawalparasi,Lumbini,Terai,Western,(6-10),2
Nawalparasi,Lumbini,Terai,Western,(6-11),0
Nawalparasi,Lumbini,Terai,Western,(6-12),7
Nawalparasi,Lumbini,Terai,Western,(9-10),0
Nawalparasi,Lumbini,Terai,Western,(9-11),0
Nawalparasi,Lumbini,Terai,Western,(9-12),0
Nawalparasi,Lumbini,Terai,Western,(11-12),7
Rupandehi,Lumbini,Terai,Western,1,6
Rupandehi,Lumbini,Terai,Western,(1-2),8
Rupandehi,Lumbini,Terai,Western,(1-3),25
Rupandehi,Lumbini,Terai,Western,(1-4),24
Rupandehi,Lumbini,Terai,Western,(1-5),188
Rupandehi,Lumbini,Terai,Western,(1-6),10
Rupandehi,Lumbini,Terai,Western,(1-7),21
Rupandehi,Lumbini,Terai,Western,(1-8),88
Rupandehi,Lumbini,Terai,Western,(1-9),15
Rupandehi,Lumbini,Terai,Western,(1-10),118
Rupandehi,Lumbini,Terai,Western,(1-11),6
Rupandehi,Lumbini,Terai,Western,(1-12),75
Rupandehi,Lumbini,Terai,Western,(6-7),0
Rupandehi,Lumbini,Terai,Western,(6-8),2
Rupandehi,Lumbini,Terai,Western,(6-9),0
Rupandehi,Lumbini,Terai,Western,(6-10),4
Rupandehi,Lumbini,Terai,Western,(6-11),0
Rupandehi,Lumbini,Terai,Western,(6-12),0
Rupandehi,Lumbini,Terai,Western,(9-10),0
Rupandehi,Lumbini,Terai,Western,(9-11),0
Rupandehi,Lumbini,Terai,Western,(9-12),0
Rupandehi,Lumbini,Terai,Western,(11-12),7
Kapilbastu,Lumbini,Terai,Western,1,29
Kapilbastu,Lumbini,Terai,Western,(1-2),28
Kapilbastu,Lumbini,Terai,Western,(1-3),71
Kapilbastu,Lumbini,Terai,Western,(1-4),26
Kapilbastu,Lumbini,Terai,Western,(1-5),176
Kapilbastu,Lumbini,Terai,Western,(1-6),8
Kapilbastu,Lumbini,Terai,Western,(1-7),21
Kapilbastu,Lumbini,Terai,Western,(1-8),54
Kapilbastu,Lumbini,Terai,Western,(1-9),5
Kapilbastu,Lumbini,Terai,Western,(1-10),50
Kapilbastu,Lumbini,Terai,Western,(1-11),3
Kapilbastu,Lumbini,Terai,Western,(1-12),38
Kapilbastu,Lumbini,Terai,Western,(6-7),0
Kapilbastu,Lumbini,Terai,Western,(6-8),0
Kapilbastu,Lumbini,Terai,Western,(6-9),0
Kapilbastu,Lumbini,Terai,Western,(6-10),0
Kapilbastu,Lumbini,Terai,Western,(6-11),0
Kapilbastu,Lumbini,Terai,Western,(6-12),0
Kapilbastu,Lumbini,Terai,Western,(9-10),0
Kapilbastu,Lumbini,Terai,Western,(9-11),0
Kapilbastu,Lumbini,Terai,Western,(9-12),0
Kapilbastu,Lumbini,Terai,Western,(11-12),2
Dolpa,Karnali,Mountain,Mid-Western,1,0
Dolpa,Karnali,Mountain,Mid-Western,(1-2),5
Dolpa,Karnali,Mountain,Mid-Western,(1-3),25
Dolpa,Karnali,Mountain,Mid-Western,(1-4),3
Dolpa,Karnali,Mountain,Mid-Western,(1-5),57
Dolpa,Karnali,Mountain,Mid-Western,(1-6),6
Dolpa,Karnali,Mountain,Mid-Western,(1-7),2
Dolpa,Karnali,Mountain,Mid-Western,(1-8),8
Dolpa,Karnali,Mountain,Mid-Western,(1-9),0
Dolpa,Karnali,Mountain,Mid-Western,(1-10),9
Dolpa,Karnali,Mountain,Mid-Western,(1-11),1
Dolpa,Karnali,Mountain,Mid-Western,(1-12),2
Dolpa,Karnali,Mountain,Mid-Western,(6-7),0
Dolpa,Karnali,Mountain,Mid-Western,(6-8),0
Dolpa,Karnali,Mountain,Mid-Western,(6-9),0
Dolpa,Karnali,Mountain,Mid-Western,(6-10),1
Dolpa,Karnali,Mountain,Mid-Western,(6-11),0
Dolpa,Karnali,Mountain,Mid-Western,(6-12),2
Dolpa,Karnali,Mountain,Mid-Western,(9-10),0
Dolpa,Karnali,Mountain,Mid-Western,(9-11),0
Dolpa,Karnali,Mountain,Mid-Western,(9-12),0
Dolpa,Karnali,Mountain,Mid-Western,(11-12),0
Jumla,Karnali,Mountain,Mid-Western,1,2
Jumla,Karnali,Mountain,Mid-Western,(1-2),2
Jumla,Karnali,Mountain,Mid-Western,(1-3),12
Jumla,Karnali,Mountain,Mid-Western,(1-4),11
Jumla,Karnali,Mountain,Mid-Western,(1-5),55
Jumla,Karnali,Mountain,Mid-Western,(1-6),2
Jumla,Karnali,Mountain,Mid-Western,(1-7),12
Jumla,Karnali,Mountain,Mid-Western,(1-8),18
Jumla,Karnali,Mountain,Mid-Western,(1-9),6
Jumla,Karnali,Mountain,Mid-Western,(1-10),22
Jumla,Karnali,Mountain,Mid-Western,(1-11),1
Jumla,Karnali,Mountain,Mid-Western,(1-12),12
Jumla,Karnali,Mountain,Mid-Western,(6-7),0
Jumla,Karnali,Mountain,Mid-Western,(6-8),0
Jumla,Karnali,Mountain,Mid-Western,(6-9),0
Jumla,Karnali,Mountain,Mid-Western,(6-10),0
Jumla,Karnali,Mountain,Mid-Western,(6-11),0
Jumla,Karnali,Mountain,Mid-Western,(6-12),0
Jumla,Karnali,Mountain,Mid-Western,(9-10),0
Jumla,Karnali,Mountain,Mid-Western,(9-11),0
Jumla,Karnali,Mountain,Mid-Western,(9-12),0
Jumla,Karnali,Mountain,Mid-Western,(11-12),0
Kalikot,Karnali,Mountain,Mid-Western,1,1
Kalikot,Karnali,Mountain,Mid-Western,(1-2),4
Kalikot,Karnali,Mountain,Mid-Western,(1-3),95
Kalikot,Karnali,Mountain,Mid-Western,(1-4),16
Kalikot,Karnali,Mountain,Mid-Western,(1-5),57
Kalikot,Karnali,Mountain,Mid-Western,(1-6),2
Kalikot,Karnali,Mountain,Mid-Western,(1-7),4
Kalikot,Karnali,Mountain,Mid-Western,(1-8),51
Kalikot,Karnali,Mountain,Mid-Western,(1-9),5
Kalikot,Karnali,Mountain,Mid-Western,(1-10),30
Kalikot,Karnali,Mountain,Mid-Western,(1-11),6
Kalikot,Karnali,Mountain,Mid-Western,(1-12),15
Kalikot,Karnali,Mountain,Mid-Western,(6-7),0
Kalikot,Karnali,Mountain,Mid-Western,(6-8),0
Kalikot,Karnali,Mountain,Mid-Western,(6-9),0
Kalikot,Karnali,Mountain,Mid-Western,(6-10),0
Kalikot,Karnali,Mountain,Mid-Western,(6-11),0
Kalikot,Karnali,Mountain,Mid-Western,(6-12),2
Kalikot,Karnali,Mountain,Mid-Western,(9-10),0
Kalikot,Karnali,Mountain,Mid-Western,(9-11),0
Kalikot,Karnali,Mountain,Mid-Western,(9-12),0
Kalikot,Karnali,Mountain,Mid-Western,(11-12),0
Mugu,Karnali,Mountain,Mid-Western,1,4
Mugu,Karnali,Mountain,Mid-Western,(1-2),3
Mugu,Karnali,Mountain,Mid-Western,(1-3),29
Mugu,Karnali,Mountain,Mid-Western,(1-4),5
Mugu,Karnali,Mountain,Mid-Western,(1-5),60
Mugu,Karnali,Mountain,Mid-Western,(1-6),5
Mugu,Karnali,Mountain,Mid-Western,(1-7),6
Mugu,Karnali,Mountain,Mid-Western,(1-8),10
Mugu,Karnali,Mountain,Mid-Western,(1-9),6
Mugu,Karnali,Mountain,Mid-Western,(1-10),13
Mugu,Karnali,Mountain,Mid-Western,(1-11),1
Mugu,Karnali,Mountain,Mid-Western,(1-12),9
Mugu,Karnali,Mountain,Mid-Western,(6-7),1
Mugu,Karnali,Mountain,Mid-Western,(6-8),0
Mugu,Karnali,Mountain,Mid-Western,(6-9),0
Mugu,Karnali,Mountain,Mid-Western,(6-10),0
Mugu,Karnali,Mountain,Mid-Western,(6-11),0
Mugu,Karnali,Mountain,Mid-Western,(6-12),0
Mugu,Karnali,Mountain,Mid-Western,(9-10),0
Mugu,Karnali,Mountain,Mid-Western,(9-11),0
Mugu,Karnali,Mountain,Mid-Western,(9-12),0
Mugu,Karnali,Mountain,Mid-Western,(11-12),0
Humla,Karnali,Mountain,Mid-Western,1,2
Humla,Karnali,Mountain,Mid-Western,(1-2),4
Humla,Karnali,Mountain,Mid-Western,(1-3),12
Humla,Karnali,Mountain,Mid-Western,(1-4),3
Humla,Karnali,Mountain,Mid-Western,(1-5),61
Humla,Karnali,Mountain,Mid-Western,(1-6),7
Humla,Karnali,Mountain,Mid-Western,(1-7),8
Humla,Karnali,Mountain,Mid-Western,(1-8),16
Humla,Karnali,Mountain,Mid-Western,(1-9),4
Humla,Karnali,Mountain,Mid-Western,(1-10),10
Humla,Karnali,Mountain,Mid-Western,(1-11),0
Humla,Karnali,Mountain,Mid-Western,(1-12),1
Humla,Karnali,Mountain,Mid-Western,(6-7),0
Humla,Karnali,Mountain,Mid-Western,(6-8),0
Humla,Karnali,Mountain,Mid-Western,(6-9),0
Humla,Karnali,Mountain,Mid-Western,(6-10),3
Humla,Karnali,Mountain,Mid-Western,(6-11),0
Humla,Karnali,Mountain,Mid-Western,(6-12),4
Humla,Karnali,Mountain,Mid-Western,(9-10),0
Humla,Karnali,Mountain,Mid-Western,(9-11),0
Humla,Karnali,Mountain,Mid-Western,(9-12),0
Humla,Karnali,Mountain,Mid-Western,(11-12),0
Pyuthan,Rapti,Hill,Mid-Western,1,3
Pyuthan,Rapti,Hill,Mid-Western,(1-2),22
Pyuthan,Rapti,Hill,Mid-Western,(1-3),66
Pyuthan,Rapti,Hill,Mid-Western,(1-4),18
Pyuthan,Rapti,Hill,Mid-Western,(1-5),158
Pyuthan,Rapti,Hill,Mid-Western,(1-6),7
Pyuthan,Rapti,Hill,Mid-Western,(1-7),10
Pyuthan,Rapti,Hill,Mid-Western,(1-8),40
Pyuthan,Rapti,Hill,Mid-Western,(1-9),4
Pyuthan,Rapti,Hill,Mid-Western,(1-10),35
Pyuthan,Rapti,Hill,Mid-Western,(1-11),3
Pyuthan,Rapti,Hill,Mid-Western,(1-12),16
Pyuthan,Rapti,Hill,Mid-Western,(6-7),0
Pyuthan,Rapti,Hill,Mid-Western,(6-8),0
Pyuthan,Rapti,Hill,Mid-Western,(6-9),0
Pyuthan,Rapti,Hill,Mid-Western,(6-10),1
Pyuthan,Rapti,Hill,Mid-Western,(6-11),0
Pyuthan,Rapti,Hill,Mid-Western,(6-12),1
Pyuthan,Rapti,Hill,Mid-Western,(9-10),0
Pyuthan,Rapti,Hill,Mid-Western,(9-11),0
Pyuthan,Rapti,Hill,Mid-Western,(9-12),0
Pyuthan,Rapti,Hill,Mid-Western,(11-12),0
Rolpa,Rapti,Hill,Mid-Western,1,7
Rolpa,Rapti,Hill,Mid-Western,(1-2),25
Rolpa,Rapti,Hill,Mid-Western,(1-3),82
Rolpa,Rapti,Hill,Mid-Western,(1-4),28
Rolpa,Rapti,Hill,Mid-Western,(1-5),142
Rolpa,Rapti,Hill,Mid-Western,(1-6),4
Rolpa,Rapti,Hill,Mid-Western,(1-7),12
Rolpa,Rapti,Hill,Mid-Western,(1-8),70
Rolpa,Rapti,Hill,Mid-Western,(1-9),2
Rolpa,Rapti,Hill,Mid-Western,(1-10),47
Rolpa,Rapti,Hill,Mid-Western,(1-11),0
Rolpa,Rapti,Hill,Mid-Western,(1-12),10
Rolpa,Rapti,Hill,Mid-Western,(6-7),0
Rolpa,Rapti,Hill,Mid-Western,(6-8),0
Rolpa,Rapti,Hill,Mid-Western,(6-9),0
Rolpa,Rapti,Hill,Mid-Western,(6-10),0
Rolpa,Rapti,Hill,Mid-Western,(6-11),0
Rolpa,Rapti,Hill,Mid-Western,(6-12),1
Rolpa,Rapti,Hill,Mid-Western,(9-10),0
Rolpa,Rapti,Hill,Mid-Western,(9-11),0
Rolpa,Rapti,Hill,Mid-Western,(9-12),0
Rolpa,Rapti,Hill,Mid-Western,(11-12),0
Rukum,Rapti,Hill,Mid-Western,1,1
Rukum,Rapti,Hill,Mid-Western,(1-2),6
Rukum,Rapti,Hill,Mid-Western,(1-3),21
Rukum,Rapti,Hill,Mid-Western,(1-4),10
Rukum,Rapti,Hill,Mid-Western,(1-5),224
Rukum,Rapti,Hill,Mid-Western,(1-6),5
Rukum,Rapti,Hill,Mid-Western,(1-7),4
Rukum,Rapti,Hill,Mid-Western,(1-8),60
Rukum,Rapti,Hill,Mid-Western,(1-9),1
Rukum,Rapti,Hill,Mid-Western,(1-10),36
Rukum,Rapti,Hill,Mid-Western,(1-11),2
Rukum,Rapti,Hill,Mid-Western,(1-12),23
Rukum,Rapti,Hill,Mid-Western,(6-7),0
Rukum,Rapti,Hill,Mid-Western,(6-8),0
Rukum,Rapti,Hill,Mid-Western,(6-9),0
Rukum,Rapti,Hill,Mid-Western,(6-10),0
Rukum,Rapti,Hill,Mid-Western,(6-11),0
Rukum,Rapti,Hill,Mid-Western,(6-12),5
Rukum,Rapti,Hill,Mid-Western,(9-10),0
Rukum,Rapti,Hill,Mid-Western,(9-11),0
Rukum,Rapti,Hill,Mid-Western,(9-12),0
Rukum,Rapti,Hill,Mid-Western,(11-12),1
Salyan,Rapti,Hill,Mid-Western,1,3
Salyan,Rapti,Hill,Mid-Western,(1-2),14
Salyan,Rapti,Hill,Mid-Western,(1-3),73
Salyan,Rapti,Hill,Mid-Western,(1-4),15
Salyan,Rapti,Hill,Mid-Western,(1-5),203
Salyan,Rapti,Hill,Mid-Western,(1-6),14
Salyan,Rapti,Hill,Mid-Western,(1-7),16
Salyan,Rapti,Hill,Mid-Western,(1-8),71
Salyan,Rapti,Hill,Mid-Western,(1-9),7
Salyan,Rapti,Hill,Mid-Western,(1-10),41
Salyan,Rapti,Hill,Mid-Western,(1-11),5
Salyan,Rapti,Hill,Mid-Western,(1-12),17
Salyan,Rapti,Hill,Mid-Western,(6-7),0
Salyan,Rapti,Hill,Mid-Western,(6-8),0
Salyan,Rapti,Hill,Mid-Western,(6-9),0
Salyan,Rapti,Hill,Mid-Western,(6-10),0
Salyan,Rapti,Hill,Mid-Western,(6-11),0
Salyan,Rapti,Hill,Mid-Western,(6-12),2
Salyan,Rapti,Hill,Mid-Western,(9-10),0
Salyan,Rapti,Hill,Mid-Western,(9-11),0
Salyan,Rapti,Hill,Mid-Western,(9-12),0
Salyan,Rapti,Hill,Mid-Western,(11-12),0
Surkhet,Bheri,Hill,Mid-Western,1,1
Surkhet,Bheri,Hill,Mid-Western,(1-2),2
Surkhet,Bheri,Hill,Mid-Western,(1-3),70
Surkhet,Bheri,Hill,Mid-Western,(1-4),28
Surkhet,Bheri,Hill,Mid-Western,(1-5),258
Surkhet,Bheri,Hill,Mid-Western,(1-6),22
Surkhet,Bheri,Hill,Mid-Western,(1-7),22
Surkhet,Bheri,Hill,Mid-Western,(1-8),80
Surkhet,Bheri,Hill,Mid-Western,(1-9),6
Surkhet,Bheri,Hill,Mid-Western,(1-10),37
Surkhet,Bheri,Hill,Mid-Western,(1-11),5
Surkhet,Bheri,Hill,Mid-Western,(1-12),42
Surkhet,Bheri,Hill,Mid-Western,(6-7),0
Surkhet,Bheri,Hill,Mid-Western,(6-8),0
Surkhet,Bheri,Hill,Mid-Western,(6-9),0
Surkhet,Bheri,Hill,Mid-Western,(6-10),0
Surkhet,Bheri,Hill,Mid-Western,(6-11),0
Surkhet,Bheri,Hill,Mid-Western,(6-12),6
Surkhet,Bheri,Hill,Mid-Western,(9-10),0
Surkhet,Bheri,Hill,Mid-Western,(9-11),0
Surkhet,Bheri,Hill,Mid-Western,(9-12),1
Surkhet,Bheri,Hill,Mid-Western,(11-12),1
Dailekh,Bheri,Hill,Mid-Western,1,2
Dailekh,Bheri,Hill,Mid-Western,(1-2),9
Dailekh,Bheri,Hill,Mid-Western,(1-3),125
Dailekh,Bheri,Hill,Mid-Western,(1-4),17
Dailekh,Bheri,Hill,Mid-Western,(1-5),194
Dailekh,Bheri,Hill,Mid-Western,(1-6),1
Dailekh,Bheri,Hill,Mid-Western,(1-7),9
Dailekh,Bheri,Hill,Mid-Western,(1-8),80
Dailekh,Bheri,Hill,Mid-Western,(1-9),1
Dailekh,Bheri,Hill,Mid-Western,(1-10),47
Dailekh,Bheri,Hill,Mid-Western,(1-11),2
Dailekh,Bheri,Hill,Mid-Western,(1-12),35
Dailekh,Bheri,Hill,Mid-Western,(6-7),0
Dailekh,Bheri,Hill,Mid-Western,(6-8),0
Dailekh,Bheri,Hill,Mid-Western,(6-9),0
Dailekh,Bheri,Hill,Mid-Western,(6-10),0
Dailekh,Bheri,Hill,Mid-Western,(6-11),0
Dailekh,Bheri,Hill,Mid-Western,(6-12),4
Dailekh,Bheri,Hill,Mid-Western,(9-10),0
Dailekh,Bheri,Hill,Mid-Western,(9-11),0
Dailekh,Bheri,Hill,Mid-Western,(9-12),0
Dailekh,Bheri,Hill,Mid-Western,(11-12),0
Jajarkot,Bheri,Hill,Mid-Western,1,0
Jajarkot,Bheri,Hill,Mid-Western,(1-2),2
Jajarkot,Bheri,Hill,Mid-Western,(1-3),84
Jajarkot,Bheri,Hill,Mid-Western,(1-4),5
Jajarkot,Bheri,Hill,Mid-Western,(1-5),183
Jajarkot,Bheri,Hill,Mid-Western,(1-6),5
Jajarkot,Bheri,Hill,Mid-Western,(1-7),7
Jajarkot,Bheri,Hill,Mid-Western,(1-8),78
Jajarkot,Bheri,Hill,Mid-Western,(1-9),2
Jajarkot,Bheri,Hill,Mid-Western,(1-10),45
Jajarkot,Bheri,Hill,Mid-Western,(1-11),2
Jajarkot,Bheri,Hill,Mid-Western,(1-12),8
Jajarkot,Bheri,Hill,Mid-Western,(6-7),0
Jajarkot,Bheri,Hill,Mid-Western,(6-8),0
Jajarkot,Bheri,Hill,Mid-Western,(6-9),0
Jajarkot,Bheri,Hill,Mid-Western,(6-10),0
Jajarkot,Bheri,Hill,Mid-Western,(6-11),0
Jajarkot,Bheri,Hill,Mid-Western,(6-12),9
Jajarkot,Bheri,Hill,Mid-Western,(9-10),0
Jajarkot,Bheri,Hill,Mid-Western,(9-11),0
Jajarkot,Bheri,Hill,Mid-Western,(9-12),0
Jajarkot,Bheri,Hill,Mid-Western,(11-12),0
Dang,Rapti,Terai,Mid-Western,1,7
Dang,Rapti,Terai,Mid-Western,(1-2),11
Dang,Rapti,Terai,Mid-Western,(1-3),31
Dang,Rapti,Terai,Mid-Western,(1-4),16
Dang,Rapti,Terai,Mid-Western,(1-5),216
Dang,Rapti,Terai,Mid-Western,(1-6),22
Dang,Rapti,Terai,Mid-Western,(1-7),8
Dang,Rapti,Terai,Mid-Western,(1-8),81
Dang,Rapti,Terai,Mid-Western,(1-9),6
Dang,Rapti,Terai,Mid-Western,(1-10),63
Dang,Rapti,Terai,Mid-Western,(1-11),6
Dang,Rapti,Terai,Mid-Western,(1-12),50
Dang,Rapti,Terai,Mid-Western,(6-7),0
Dang,Rapti,Terai,Mid-Western,(6-8),0
Dang,Rapti,Terai,Mid-Western,(6-9),0
Dang,Rapti,Terai,Mid-Western,(6-10),0
Dang,Rapti,Terai,Mid-Western,(6-11),0
Dang,Rapti,Terai,Mid-Western,(6-12),1
Dang,Rapti,Terai,Mid-Western,(9-10),0
Dang,Rapti,Terai,Mid-Western,(9-11),0
Dang,Rapti,Terai,Mid-Western,(9-12),0
Dang,Rapti,Terai,Mid-Western,(11-12),3
Banke,Bheri,Terai,Mid-Western,1,18
Banke,Bheri,Terai,Mid-Western,(1-2),29
Banke,Bheri,Terai,Mid-Western,(1-3),51
Banke,Bheri,Terai,Mid-Western,(1-4),22
Banke,Bheri,Terai,Mid-Western,(1-5),128
Banke,Bheri,Terai,Mid-Western,(1-6),6
Banke,Bheri,Terai,Mid-Western,(1-7),12
Banke,Bheri,Terai,Mid-Western,(1-8),49
Banke,Bheri,Terai,Mid-Western,(1-9),13
Banke,Bheri,Terai,Mid-Western,(1-10),74
Banke,Bheri,Terai,Mid-Western,(1-11),2
Banke,Bheri,Terai,Mid-Western,(1-12),43
Banke,Bheri,Terai,Mid-Western,(6-7),0
Banke,Bheri,Terai,Mid-Western,(6-8),0
Banke,Bheri,Terai,Mid-Western,(6-9),0
Banke,Bheri,Terai,Mid-Western,(6-10),0
Banke,Bheri,Terai,Mid-Western,(6-11),0
Banke,Bheri,Terai,Mid-Western,(6-12),1
Banke,Bheri,Terai,Mid-Western,(9-10),0
Banke,Bheri,Terai,Mid-Western,(9-11),0
Banke,Bheri,Terai,Mid-Western,(9-12),0
Banke,Bheri,Terai,Mid-Western,(11-12),4
Bardiya,Bheri,Terai,Mid-Western,1,7
Bardiya,Bheri,Terai,Mid-Western,(1-2),4
Bardiya,Bheri,Terai,Mid-Western,(1-3),15
Bardiya,Bheri,Terai,Mid-Western,(1-4),14
Bardiya,Bheri,Terai,Mid-Western,(1-5),151
Bardiya,Bheri,Terai,Mid-Western,(1-6),13
Bardiya,Bheri,Terai,Mid-Western,(1-7),1
Bardiya,Bheri,Terai,Mid-Western,(1-8),59
Bardiya,Bheri,Terai,Mid-Western,(1-9),7
Bardiya,Bheri,Terai,Mid-Western,(1-10),43
Bardiya,Bheri,Terai,Mid-Western,(1-11),1
Bardiya,Bheri,Terai,Mid-Western,(1-12),34
Bardiya,Bheri,Terai,Mid-Western,(6-7),0
Bardiya,Bheri,Terai,Mid-Western,(6-8),0
Bardiya,Bheri,Terai,Mid-Western,(6-9),0
Bardiya,Bheri,Terai,Mid-Western,(6-10),0
Bardiya,Bheri,Terai,Mid-Western,(6-11),0
Bardiya,Bheri,Terai,Mid-Western,(6-12),0
Bardiya,Bheri,Terai,Mid-Western,(9-10),0
Bardiya,Bheri,Terai,Mid-Western,(9-11),0
Bardiya,Bheri,Terai,Mid-Western,(9-12),0
Bardiya,Bheri,Terai,Mid-Western,(11-12),1
Bajura,Seti,Mountain,Far-Western,1,3
Bajura,Seti,Mountain,Far-Western,(1-2),9
Bajura,Seti,Mountain,Far-Western,(1-3),48
Bajura,Seti,Mountain,Far-Western,(1-4),12
Bajura,Seti,Mountain,Far-Western,(1-5),85
Bajura,Seti,Mountain,Far-Western,(1-6),4
Bajura,Seti,Mountain,Far-Western,(1-7),11
Bajura,Seti,Mountain,Far-Western,(1-8),36
Bajura,Seti,Mountain,Far-Western,(1-9),2
Bajura,Seti,Mountain,Far-Western,(1-10),40
Bajura,Seti,Mountain,Far-Western,(1-11),0
Bajura,Seti,Mountain,Far-Western,(1-12),14
Bajura,Seti,Mountain,Far-Western,(6-7),0
Bajura,Seti,Mountain,Far-Western,(6-8),0
Bajura,Seti,Mountain,Far-Western,(6-9),0
Bajura,Seti,Mountain,Far-Western,(6-10),1
Bajura,Seti,Mountain,Far-Western,(6-11),0
Bajura,Seti,Mountain,Far-Western,(6-12),2
Bajura,Seti,Mountain,Far-Western,(9-10),0
Bajura,Seti,Mountain,Far-Western,(9-11),0
Bajura,Seti,Mountain,Far-Western,(9-12),0
Bajura,Seti,Mountain,Far-Western,(11-12),0
Bajhang,Seti,Mountain,Far-Western,1,8
Bajhang,Seti,Mountain,Far-Western,(1-2),11
Bajhang,Seti,Mountain,Far-Western,(1-3),99
Bajhang,Seti,Mountain,Far-Western,(1-4),31
Bajhang,Seti,Mountain,Far-Western,(1-5),146
Bajhang,Seti,Mountain,Far-Western,(1-6),2
Bajhang,Seti,Mountain,Far-Western,(1-7),12
Bajhang,Seti,Mountain,Far-Western,(1-8),69
Bajhang,Seti,Mountain,Far-Western,(1-9),2
Bajhang,Seti,Mountain,Far-Western,(1-10),37
Bajhang,Seti,Mountain,Far-Western,(1-11),5
Bajhang,Seti,Mountain,Far-Western,(1-12),31
Bajhang,Seti,Mountain,Far-Western,(6-7),0
Bajhang,Seti,Mountain,Far-Western,(6-8),0
Bajhang,Seti,Mountain,Far-Western,(6-9),0
Bajhang,Seti,Mountain,Far-Western,(6-10),0
Bajhang,Seti,Mountain,Far-Western,(6-11),0
Bajhang,Seti,Mountain,Far-Western,(6-12),3
Bajhang,Seti,Mountain,Far-Western,(9-10),0
Bajhang,Seti,Mountain,Far-Western,(9-11),0
Bajhang,Seti,Mountain,Far-Western,(9-12),0
Bajhang,Seti,Mountain,Far-Western,(11-12),1
Darchaula,Mahakali,Mountain,Far-Western,1,0
Darchaula,Mahakali,Mountain,Far-Western,(1-2),8
Darchaula,Mahakali,Mountain,Far-Western,(1-3),45
Darchaula,Mahakali,Mountain,Far-Western,(1-4),6
Darchaula,Mahakali,Mountain,Far-Western,(1-5),175
Darchaula,Mahakali,Mountain,Far-Western,(1-6),0
Darchaula,Mahakali,Mountain,Far-Western,(1-7),10
Darchaula,Mahakali,Mountain,Far-Western,(1-8),58
Darchaula,Mahakali,Mountain,Far-Western,(1-9),0
Darchaula,Mahakali,Mountain,Far-Western,(1-10),37
Darchaula,Mahakali,Mountain,Far-Western,(1-11),0
Darchaula,Mahakali,Mountain,Far-Western,(1-12),19
Darchaula,Mahakali,Mountain,Far-Western,(6-7),0
Darchaula,Mahakali,Mountain,Far-Western,(6-8),0
Darchaula,Mahakali,Mountain,Far-Western,(6-9),0
Darchaula,Mahakali,Mountain,Far-Western,(6-10),1
Darchaula,Mahakali,Mountain,Far-Western,(6-11),0
Darchaula,Mahakali,Mountain,Far-Western,(6-12),6
Darchaula,Mahakali,Mountain,Far-Western,(9-10),0
Darchaula,Mahakali,Mountain,Far-Western,(9-11),0
Darchaula,Mahakali,Mountain,Far-Western,(9-12),0
Darchaula,Mahakali,Mountain,Far-Western,(11-12),0
Achham,Seti,Hill,Far-Western,1,5
Achham,Seti,Hill,Far-Western,(1-2),29
Achham,Seti,Hill,Far-Western,(1-3),62
Achham,Seti,Hill,Far-Western,(1-4),53
Achham,Seti,Hill,Far-Western,(1-5),174
Achham,Seti,Hill,Far-Western,(1-6),3
Achham,Seti,Hill,Far-Western,(1-7),30
Achham,Seti,Hill,Far-Western,(1-8),50
Achham,Seti,Hill,Far-Western,(1-9),1
Achham,Seti,Hill,Far-Western,(1-10),61
Achham,Seti,Hill,Far-Western,(1-11),3
Achham,Seti,Hill,Far-Western,(1-12),29
Achham,Seti,Hill,Far-Western,(6-7),0
Achham,Seti,Hill,Far-Western,(6-8),1
Achham,Seti,Hill,Far-Western,(6-9),0
Achham,Seti,Hill,Far-Western,(6-10),0
Achham,Seti,Hill,Far-Western,(6-11),0
Achham,Seti,Hill,Far-Western,(6-12),0
Achham,Seti,Hill,Far-Western,(9-10),0
Achham,Seti,Hill,Far-Western,(9-11),0
Achham,Seti,Hill,Far-Western,(9-12),0
Achham,Seti,Hill,Far-Western,(11-12),1
Doti,Seti,Hill,Far-Western,1,2
Doti,Seti,Hill,Far-Western,(1-2),12
Doti,Seti,Hill,Far-Western,(1-3),58
Doti,Seti,Hill,Far-Western,(1-4),21
Doti,Seti,Hill,Far-Western,(1-5),155
Doti,Seti,Hill,Far-Western,(1-6),4
Doti,Seti,Hill,Far-Western,(1-7),13
Doti,Seti,Hill,Far-Western,(1-8),61
Doti,Seti,Hill,Far-Western,(1-9),3
Doti,Seti,Hill,Far-Western,(1-10),37
Doti,Seti,Hill,Far-Western,(1-11),1
Doti,Seti,Hill,Far-Western,(1-12),31
Doti,Seti,Hill,Far-Western,(6-7),0
Doti,Seti,Hill,Far-Western,(6-8),0
Doti,Seti,Hill,Far-Western,(6-9),0
Doti,Seti,Hill,Far-Western,(6-10),0
Doti,Seti,Hill,Far-Western,(6-11),0
Doti,Seti,Hill,Far-Western,(6-12),0
Doti,Seti,Hill,Far-Western,(9-10),0
Doti,Seti,Hill,Far-Western,(9-11),0
Doti,Seti,Hill,Far-Western,(9-12),0
Doti,Seti,Hill,Far-Western,(11-12),1
Dadeldhura,Mahakali,Hill,Far-Western,1,0
Dadeldhura,Mahakali,Hill,Far-Western,(1-2),7
Dadeldhura,Mahakali,Hill,Far-Western,(1-3),33
Dadeldhura,Mahakali,Hill,Far-Western,(1-4),10
Dadeldhura,Mahakali,Hill,Far-Western,(1-5),94
Dadeldhura,Mahakali,Hill,Far-Western,(1-6),2
Dadeldhura,Mahakali,Hill,Far-Western,(1-7),6
Dadeldhura,Mahakali,Hill,Far-Western,(1-8),55
Dadeldhura,Mahakali,Hill,Far-Western,(1-9),0
Dadeldhura,Mahakali,Hill,Far-Western,(1-10),34
Dadeldhura,Mahakali,Hill,Far-Western,(1-11),0
Dadeldhura,Mahakali,Hill,Far-Western,(1-12),29
Dadeldhura,Mahakali,Hill,Far-Western,(6-7),0
Dadeldhura,Mahakali,Hill,Far-Western,(6-8),0
Dadeldhura,Mahakali,Hill,Far-Western,(6-9),0
Dadeldhura,Mahakali,Hill,Far-Western,(6-10),0
Dadeldhura,Mahakali,Hill,Far-Western,(6-11),0
Dadeldhura,Mahakali,Hill,Far-Western,(6-12),2
Dadeldhura,Mahakali,Hill,Far-Western,(9-10),0
Dadeldhura,Mahakali,Hill,Far-Western,(9-11),0
Dadeldhura,Mahakali,Hill,Far-Western,(9-12),0
Dadeldhura,Mahakali,Hill,Far-Western,(11-12),0
Baitadi,Mahakali,Hill,Far-Western,1,2
Baitadi,Mahakali,Hill,Far-Western,(1-2),9
Baitadi,Mahakali,Hill,Far-Western,(1-3),101
Baitadi,Mahakali,Hill,Far-Western,(1-4),15
Baitadi,Mahakali,Hill,Far-Western,(1-5),206
Baitadi,Mahakali,Hill,Far-Western,(1-6),5
Baitadi,Mahakali,Hill,Far-Western,(1-7),8
Baitadi,Mahakali,Hill,Far-Western,(1-8),95
Baitadi,Mahakali,Hill,Far-Western,(1-9),4
Baitadi,Mahakali,Hill,Far-Western,(1-10),59
Baitadi,Mahakali,Hill,Far-Western,(1-11),5
Baitadi,Mahakali,Hill,Far-Western,(1-12),44
Baitadi,Mahakali,Hill,Far-Western,(6-7),0
Baitadi,Mahakali,Hill,Far-Western,(6-8),0
Baitadi,Mahakali,Hill,Far-Western,(6-9),0
Baitadi,Mahakali,Hill,Far-Western,(6-10),1
Baitadi,Mahakali,Hill,Far-Western,(6-11),0
Baitadi,Mahakali,Hill,Far-Western,(6-12),1
Baitadi,Mahakali,Hill,Far-Western,(9-10),0
Baitadi,Mahakali,Hill,Far-Western,(9-11),0
Baitadi,Mahakali,Hill,Far-Western,(9-12),0
Baitadi,Mahakali,Hill,Far-Western,(11-12),1
Kailali,Seti,Terai,Far-Western,1,9
Kailali,Seti,Terai,Far-Western,(1-2),16
Kailali,Seti,Terai,Far-Western,(1-3),48
Kailali,Seti,Terai,Far-Western,(1-4),35
Kailali,Seti,Terai,Far-Western,(1-5),242
Kailali,Seti,Terai,Far-Western,(1-6),6
Kailali,Seti,Terai,Far-Western,(1-7),29
Kailali,Seti,Terai,Far-Western,(1-8),169
Kailali,Seti,Terai,Far-Western,(1-9),7
Kailali,Seti,Terai,Far-Western,(1-10),98
Kailali,Seti,Terai,Far-Western,(1-11),7
Kailali,Seti,Terai,Far-Western,(1-12),75
Kailali,Seti,Terai,Far-Western,(6-7),0
Kailali,Seti,Terai,Far-Western,(6-8),0
Kailali,Seti,Terai,Far-Western,(6-9),0
Kailali,Seti,Terai,Far-Western,(6-10),0
Kailali,Seti,Terai,Far-Western,(6-11),0
Kailali,Seti,Terai,Far-Western,(6-12),0
Kailali,Seti,Terai,Far-Western,(9-10),0
Kailali,Seti,Terai,Far-Western,(9-11),0
Kailali,Seti,Terai,Far-Western,(9-12),0
Kailali,Seti,Terai,Far-Western,(11-12),6
Kanchanpur,Mahakali,Terai,Far-Western,1,14
Kanchanpur,Mahakali,Terai,Far-Western,(1-2),3
Kanchanpur,Mahakali,Terai,Far-Western,(1-3),9
Kanchanpur,Mahakali,Terai,Far-Western,(1-4),11
Kanchanpur,Mahakali,Terai,Far-Western,(1-5),116
Kanchanpur,Mahakali,Terai,Far-Western,(1-6),7
Kanchanpur,Mahakali,Terai,Far-Western,(1-7),22
Kanchanpur,Mahakali,Terai,Far-Western,(1-8),79
Kanchanpur,Mahakali,Terai,Far-Western,(1-9),18
Kanchanpur,Mahakali,Terai,Far-Western,(1-10),78
Kanchanpur,Mahakali,Terai,Far-Western,(1-11),8
Kanchanpur,Mahakali,Terai,Far-Western,(1-12),58
Kanchanpur,Mahakali,Terai,Far-Western,(6-7),1
Kanchanpur,Mahakali,Terai,Far-Western,(6-8),0
Kanchanpur,Mahakali,Terai,Far-Western,(6-9),0
Kanchanpur,Mahakali,Terai,Far-Western,(6-10),0
Kanchanpur,Mahakali,Terai,Far-Western,(6-11),0
Kanchanpur,Mahakali,Terai,Far-Western,(6-12),2
Kanchanpur,Mahakali,Terai,Far-Western,(9-10),0
Kanchanpur,Mahakali,Terai,Far-Western,(9-11),0
Kanchanpur,Mahakali,Terai,Far-Western,(9-12),0
Kanchanpur,Mahakali,Terai,Far-Western,(11-12),4
