District,Zone,Geographical Region,Development Region,Grade ,Girls/Boys,Number
Achham,Seti,Hill,Far-Western,Grade 11,Girls,685
Achham,Seti,Hill,Far-Western,Grade 11,Boys,1169
Achham,Seti,Hill,Far-Western,Grade 12,Girls,561
Achham,Seti,Hill,Far-Western,Grade 12,Boys,1120
Achham,Seti,Hill,Far-Western,Grade 11-12,Girls,1246
Achham,Seti,Hill,Far-Western,Grade 11-12,Boys,2289
Arghakhanchi,Lumbini,Hill,Western,Grade 11,Girls,723
Arghakhanchi,Lumbini,Hill,Western,Grade 11,Boys,512
Arghakhanchi,Lumbini,Hill,Western,Grade 12,Girls,866
Arghakhanchi,Lumbini,Hill,Western,Grade 12,Boys,470
Arghakhanchi,Lumbini,Hill,Western,Grade 11-12,Girls,1589
Arghakhanchi,Lumbini,Hill,Western,Grade 11-12,Boys,982
Baglung,Dhawalagiri,Hill,Western,Grade 11,Girls,2171
Baglung,Dhawalagiri,Hill,Western,Grade 11,Boys,1536
Baglung,Dhawalagiri,Hill,Western,Grade 12,Girls,1959
Baglung,Dhawalagiri,Hill,Western,Grade 12,Boys,1304
Baglung,Dhawalagiri,Hill,Western,Grade 11-12,Girls,4130
Baglung,Dhawalagiri,Hill,Western,Grade 11-12,Boys,2840
Baitadi,Mahakali,Hill,Far-Western,Grade 11,Girls,1047
Baitadi,Mahakali,Hill,Far-Western,Grade 11,Boys,1697
Baitadi,Mahakali,Hill,Far-Western,Grade 12,Girls,962
Baitadi,Mahakali,Hill,Far-Western,Grade 12,Boys,1390
Baitadi,Mahakali,Hill,Far-Western,Grade 11-12,Girls,2009
Baitadi,Mahakali,Hill,Far-Western,Grade 11-12,Boys,3087
Bajhang,Seti,Mountain,Far-Western,Grade 11,Girls,589
Bajhang,Seti,Mountain,Far-Western,Grade 11,Boys,978
Bajhang,Seti,Mountain,Far-Western,Grade 12,Girls,459
Bajhang,Seti,Mountain,Far-Western,Grade 12,Boys,948
Bajhang,Seti,Mountain,Far-Western,Grade 11-12,Girls,1048
Bajhang,Seti,Mountain,Far-Western,Grade 11-12,Boys,1926
Bajura,Seti,Mountain,Far-Western,Grade 11,Girls,393
Bajura,Seti,Mountain,Far-Western,Grade 11,Boys,773
Bajura,Seti,Mountain,Far-Western,Grade 12,Girls,316
Bajura,Seti,Mountain,Far-Western,Grade 12,Boys,810
Bajura,Seti,Mountain,Far-Western,Grade 11-12,Girls,709
Bajura,Seti,Mountain,Far-Western,Grade 11-12,Boys,1583
Banke,Bheri,Terai,Mid-Western,Grade 11,Girls,1670
Banke,Bheri,Terai,Mid-Western,Grade 11,Boys,2153
Banke,Bheri,Terai,Mid-Western,Grade 12,Girls,1368
Banke,Bheri,Terai,Mid-Western,Grade 12,Boys,1532
Banke,Bheri,Terai,Mid-Western,Grade 11-12,Girls,3038
Banke,Bheri,Terai,Mid-Western,Grade 11-12,Boys,3685
Bara,Narayani,Terai,Central,Grade 11,Girls,989
Bara,Narayani,Terai,Central,Grade 11,Boys,1309
Bara,Narayani,Terai,Central,Grade 12,Girls,879
Bara,Narayani,Terai,Central,Grade 12,Boys,909
Bara,Narayani,Terai,Central,Grade 11-12,Girls,1868
Bara,Narayani,Terai,Central,Grade 11-12,Boys,2218
Bardiya,Bheri,Terai,Mid-Western,Grade 11,Girls,1425
Bardiya,Bheri,Terai,Mid-Western,Grade 11,Boys,1472
Bardiya,Bheri,Terai,Mid-Western,Grade 12,Girls,2074
Bardiya,Bheri,Terai,Mid-Western,Grade 12,Boys,1837
Bardiya,Bheri,Terai,Mid-Western,Grade 11-12,Girls,3499
Bardiya,Bheri,Terai,Mid-Western,Grade 11-12,Boys,3309
Bhaktapur,Bagmati,Hill,Central,Grade 11,Girls,1189
Bhaktapur,Bagmati,Hill,Central,Grade 11,Boys,1107
Bhaktapur,Bagmati,Hill,Central,Grade 12,Girls,1131
Bhaktapur,Bagmati,Hill,Central,Grade 12,Boys,962
Bhaktapur,Bagmati,Hill,Central,Grade 11-12,Girls,2320
Bhaktapur,Bagmati,Hill,Central,Grade 11-12,Boys,2069
Bhojpur,Kosi,Hill,Eastern,Grade 11,Girls,714
Bhojpur,Kosi,Hill,Eastern,Grade 11,Boys,508
Bhojpur,Kosi,Hill,Eastern,Grade 12,Girls,718
Bhojpur,Kosi,Hill,Eastern,Grade 12,Boys,563
Bhojpur,Kosi,Hill,Eastern,Grade 11-12,Girls,1432
Bhojpur,Kosi,Hill,Eastern,Grade 11-12,Boys,1071
Chitawan,Narayani,Terai,Central,Grade 11,Girls,2383
Chitawan,Narayani,Terai,Central,Grade 11,Boys,2066
Chitawan,Narayani,Terai,Central,Grade 12,Girls,2074
Chitawan,Narayani,Terai,Central,Grade 12,Boys,1586
Chitawan,Narayani,Terai,Central,Grade 11-12,Girls,4457
Chitawan,Narayani,Terai,Central,Grade 11-12,Boys,3652
Dadeldhura,Mahakali,Hill,Far-Western,Grade 11,Girls,443
Dadeldhura,Mahakali,Hill,Far-Western,Grade 11,Boys,537
Dadeldhura,Mahakali,Hill,Far-Western,Grade 12,Girls,394
Dadeldhura,Mahakali,Hill,Far-Western,Grade 12,Boys,522
Dadeldhura,Mahakali,Hill,Far-Western,Grade 11-12,Girls,837
Dadeldhura,Mahakali,Hill,Far-Western,Grade 11-12,Boys,1059
Dailekh,Bheri,Hill,Mid-Western,Grade 11,Girls,819
Dailekh,Bheri,Hill,Mid-Western,Grade 11,Boys,1204
Dailekh,Bheri,Hill,Mid-Western,Grade 12,Girls,1038
Dailekh,Bheri,Hill,Mid-Western,Grade 12,Boys,1611
Dailekh,Bheri,Hill,Mid-Western,Grade 11-12,Girls,1857
Dailekh,Bheri,Hill,Mid-Western,Grade 11-12,Boys,2815
Dang,Rapti,Terai,Mid-Western,Grade 11,Girls,2400
Dang,Rapti,Terai,Mid-Western,Grade 11,Boys,1963
Dang,Rapti,Terai,Mid-Western,Grade 12,Girls,1795
Dang,Rapti,Terai,Mid-Western,Grade 12,Boys,1667
Dang,Rapti,Terai,Mid-Western,Grade 11-12,Girls,4195
Dang,Rapti,Terai,Mid-Western,Grade 11-12,Boys,3630
Darchaula,Mahakali,Mountain,Far-Western,Grade 11,Girls,703
Darchaula,Mahakali,Mountain,Far-Western,Grade 11,Boys,861
Darchaula,Mahakali,Mountain,Far-Western,Grade 12,Girls,839
Darchaula,Mahakali,Mountain,Far-Western,Grade 12,Boys,1009
Darchaula,Mahakali,Mountain,Far-Western,Grade 11-12,Girls,1542
Darchaula,Mahakali,Mountain,Far-Western,Grade 11-12,Boys,1870
Dhading,Bagmati,Hill,Central,Grade 11,Girls,1925
Dhading,Bagmati,Hill,Central,Grade 11,Boys,1326
Dhading,Bagmati,Hill,Central,Grade 12,Girls,1431
Dhading,Bagmati,Hill,Central,Grade 12,Boys,1103
Dhading,Bagmati,Hill,Central,Grade 11-12,Girls,3356
Dhading,Bagmati,Hill,Central,Grade 11-12,Boys,2429
Dhankuta,Kosi,Hill,Eastern,Grade 11,Girls,1038
Dhankuta,Kosi,Hill,Eastern,Grade 11,Boys,910
Dhankuta,Kosi,Hill,Eastern,Grade 12,Girls,1020
Dhankuta,Kosi,Hill,Eastern,Grade 12,Boys,802
Dhankuta,Kosi,Hill,Eastern,Grade 11-12,Girls,2058
Dhankuta,Kosi,Hill,Eastern,Grade 11-12,Boys,1712
Dhanusa,Janakpur,Terai,Central,Grade 11,Girls,939
Dhanusa,Janakpur,Terai,Central,Grade 11,Boys,932
Dhanusa,Janakpur,Terai,Central,Grade 12,Girls,837
Dhanusa,Janakpur,Terai,Central,Grade 12,Boys,702
Dhanusa,Janakpur,Terai,Central,Grade 11-12,Girls,1776
Dhanusa,Janakpur,Terai,Central,Grade 11-12,Boys,1634
Dolakha,Janakpur,Mountain,Central,Grade 11,Girls,1108
Dolakha,Janakpur,Mountain,Central,Grade 11,Boys,830
Dolakha,Janakpur,Mountain,Central,Grade 12,Girls,1110
Dolakha,Janakpur,Mountain,Central,Grade 12,Boys,889
Dolakha,Janakpur,Mountain,Central,Grade 11-12,Girls,2218
Dolakha,Janakpur,Mountain,Central,Grade 11-12,Boys,1719
Dolpa,Karnali,Mountain,Mid-Western,Grade 11,Girls,64
Dolpa,Karnali,Mountain,Mid-Western,Grade 11,Boys,96
Dolpa,Karnali,Mountain,Mid-Western,Grade 12,Girls,39
Dolpa,Karnali,Mountain,Mid-Western,Grade 12,Boys,77
Dolpa,Karnali,Mountain,Mid-Western,Grade 11-12,Girls,103
Dolpa,Karnali,Mountain,Mid-Western,Grade 11-12,Boys,173
Doti,Seti,Hill,Far-Western,Grade 11,Girls,650
Doti,Seti,Hill,Far-Western,Grade 11,Boys,756
Doti,Seti,Hill,Far-Western,Grade 12,Girls,466
Doti,Seti,Hill,Far-Western,Grade 12,Boys,600
Doti,Seti,Hill,Far-Western,Grade 11-12,Girls,1116
Doti,Seti,Hill,Far-Western,Grade 11-12,Boys,1356
Gorkha,Gandaki,Hill,Western,Grade 11,Girls,1229
Gorkha,Gandaki,Hill,Western,Grade 11,Boys,769
Gorkha,Gandaki,Hill,Western,Grade 12,Girls,860
Gorkha,Gandaki,Hill,Western,Grade 12,Boys,537
Gorkha,Gandaki,Hill,Western,Grade 11-12,Girls,2089
Gorkha,Gandaki,Hill,Western,Grade 11-12,Boys,1306
Gulmi,Lumbini,Hill,Western,Grade 11,Girls,1047
Gulmi,Lumbini,Hill,Western,Grade 11,Boys,948
Gulmi,Lumbini,Hill,Western,Grade 12,Girls,1030
Gulmi,Lumbini,Hill,Western,Grade 12,Boys,804
Gulmi,Lumbini,Hill,Western,Grade 11-12,Girls,2077
Gulmi,Lumbini,Hill,Western,Grade 11-12,Boys,1752
Humla,Karnali,Mountain,Mid-Western,Grade 11,Girls,113
Humla,Karnali,Mountain,Mid-Western,Grade 11,Boys,164
Humla,Karnali,Mountain,Mid-Western,Grade 12,Girls,77
Humla,Karnali,Mountain,Mid-Western,Grade 12,Boys,167
Humla,Karnali,Mountain,Mid-Western,Grade 11-12,Girls,190
Humla,Karnali,Mountain,Mid-Western,Grade 11-12,Boys,331
Ilam,Mechi,Hill,Eastern,Grade 11,Girls,1303
Ilam,Mechi,Hill,Eastern,Grade 11,Boys,1095
Ilam,Mechi,Hill,Eastern,Grade 12,Girls,1614
Ilam,Mechi,Hill,Eastern,Grade 12,Boys,1131
Ilam,Mechi,Hill,Eastern,Grade 11-12,Girls,2917
Ilam,Mechi,Hill,Eastern,Grade 11-12,Boys,2226
Jajarkot,Bheri,Hill,Mid-Western,Grade 11,Girls,499
Jajarkot,Bheri,Hill,Mid-Western,Grade 11,Boys,787
Jajarkot,Bheri,Hill,Mid-Western,Grade 12,Girls,743
Jajarkot,Bheri,Hill,Mid-Western,Grade 12,Boys,1202
Jajarkot,Bheri,Hill,Mid-Western,Grade 11-12,Girls,1242
Jajarkot,Bheri,Hill,Mid-Western,Grade 11-12,Boys,1989
Jhapa,Mechi,Terai,Eastern,Grade 11,Girls,4198
Jhapa,Mechi,Terai,Eastern,Grade 11,Boys,3497
Jhapa,Mechi,Terai,Eastern,Grade 12,Girls,3256
Jhapa,Mechi,Terai,Eastern,Grade 12,Boys,2720
Jhapa,Mechi,Terai,Eastern,Grade 11-12,Girls,7454
Jhapa,Mechi,Terai,Eastern,Grade 11-12,Boys,6217
Jumla,Karnali,Mountain,Mid-Western,Grade 11,Girls,142
Jumla,Karnali,Mountain,Mid-Western,Grade 11,Boys,289
Jumla,Karnali,Mountain,Mid-Western,Grade 12,Girls,226
Jumla,Karnali,Mountain,Mid-Western,Grade 12,Boys,402
Jumla,Karnali,Mountain,Mid-Western,Grade 11-12,Girls,368
Jumla,Karnali,Mountain,Mid-Western,Grade 11-12,Boys,691
Kailali,Seti,Terai,Far-Western,Grade 11,Girls,2576
Kailali,Seti,Terai,Far-Western,Grade 11,Boys,2672
Kailali,Seti,Terai,Far-Western,Grade 12,Girls,2251
Kailali,Seti,Terai,Far-Western,Grade 12,Boys,2356
Kailali,Seti,Terai,Far-Western,Grade 11-12,Girls,4827
Kailali,Seti,Terai,Far-Western,Grade 11-12,Boys,5028
Kalikot,Karnali,Mountain,Mid-Western,Grade 11,Girls,602
Kalikot,Karnali,Mountain,Mid-Western,Grade 11,Boys,1230
Kalikot,Karnali,Mountain,Mid-Western,Grade 12,Girls,550
Kalikot,Karnali,Mountain,Mid-Western,Grade 12,Boys,1234
Kalikot,Karnali,Mountain,Mid-Western,Grade 11-12,Girls,1152
Kalikot,Karnali,Mountain,Mid-Western,Grade 11-12,Boys,2464
Kanchanpur,Mahakali,Terai,Far-Western,Grade 11,Girls,2158
Kanchanpur,Mahakali,Terai,Far-Western,Grade 11,Boys,2136
Kanchanpur,Mahakali,Terai,Far-Western,Grade 12,Girls,1895
Kanchanpur,Mahakali,Terai,Far-Western,Grade 12,Boys,1741
Kanchanpur,Mahakali,Terai,Far-Western,Grade 11-12,Girls,4053
Kanchanpur,Mahakali,Terai,Far-Western,Grade 11-12,Boys,3877
Kapilbastu,Lumbini,Terai,Western,Grade 11,Girls,1352
Kapilbastu,Lumbini,Terai,Western,Grade 11,Boys,1439
Kapilbastu,Lumbini,Terai,Western,Grade 12,Girls,1333
Kapilbastu,Lumbini,Terai,Western,Grade 12,Boys,1214
Kapilbastu,Lumbini,Terai,Western,Grade 11-12,Girls,2685
Kapilbastu,Lumbini,Terai,Western,Grade 11-12,Boys,2653
Kaski,Gandaki,Hill,Western,Grade 11,Girls,4506
Kaski,Gandaki,Hill,Western,Grade 11,Boys,5031
Kaski,Gandaki,Hill,Western,Grade 12,Girls,3843
Kaski,Gandaki,Hill,Western,Grade 12,Boys,4686
Kaski,Gandaki,Hill,Western,Grade 11-12,Girls,8349
Kaski,Gandaki,Hill,Western,Grade 11-12,Boys,9717
Kathmandu,Bagmati,Hill,Central,Grade 11,Girls,6981
Kathmandu,Bagmati,Hill,Central,Grade 11,Boys,7686
Kathmandu,Bagmati,Hill,Central,Grade 12,Girls,5781
Kathmandu,Bagmati,Hill,Central,Grade 12,Boys,6611
Kathmandu,Bagmati,Hill,Central,Grade 11-12,Girls,12762
Kathmandu,Bagmati,Hill,Central,Grade 11-12,Boys,14297
Kavre,Bagmati,Hill,Central,Grade 11,Girls,2390
Kavre,Bagmati,Hill,Central,Grade 11,Boys,1783
Kavre,Bagmati,Hill,Central,Grade 12,Girls,1991
Kavre,Bagmati,Hill,Central,Grade 12,Boys,1473
Kavre,Bagmati,Hill,Central,Grade 11-12,Girls,4381
Kavre,Bagmati,Hill,Central,Grade 11-12,Boys,3256
Khotang,Sagarmatha,Hill,Eastern,Grade 11,Girls,1061
Khotang,Sagarmatha,Hill,Eastern,Grade 11,Boys,768
Khotang,Sagarmatha,Hill,Eastern,Grade 12,Girls,1231
Khotang,Sagarmatha,Hill,Eastern,Grade 12,Boys,902
Khotang,Sagarmatha,Hill,Eastern,Grade 11-12,Girls,2292
Khotang,Sagarmatha,Hill,Eastern,Grade 11-12,Boys,1670
Lalitpur,Bagmati,Hill,Central,Grade 11,Girls,2296
Lalitpur,Bagmati,Hill,Central,Grade 11,Boys,2212
Lalitpur,Bagmati,Hill,Central,Grade 12,Girls,2092
Lalitpur,Bagmati,Hill,Central,Grade 12,Boys,1984
Lalitpur,Bagmati,Hill,Central,Grade 11-12,Girls,4388
Lalitpur,Bagmati,Hill,Central,Grade 11-12,Boys,4196
Lamjung,Gandaki,Hill,Western,Grade 11,Girls,996
Lamjung,Gandaki,Hill,Western,Grade 11,Boys,731
Lamjung,Gandaki,Hill,Western,Grade 12,Girls,790
Lamjung,Gandaki,Hill,Western,Grade 12,Boys,545
Lamjung,Gandaki,Hill,Western,Grade 11-12,Girls,1786
Lamjung,Gandaki,Hill,Western,Grade 11-12,Boys,1276
Mahottari,Janakpur,Terai,Central,Grade 11,Girls,1162
Mahottari,Janakpur,Terai,Central,Grade 11,Boys,1241
Mahottari,Janakpur,Terai,Central,Grade 12,Girls,1087
Mahottari,Janakpur,Terai,Central,Grade 12,Boys,1152
Mahottari,Janakpur,Terai,Central,Grade 11-12,Girls,2249
Mahottari,Janakpur,Terai,Central,Grade 11-12,Boys,2393
Makwanpur,Narayani,Hill,Central,Grade 11,Girls,1333
Makwanpur,Narayani,Hill,Central,Grade 11,Boys,891
Makwanpur,Narayani,Hill,Central,Grade 12,Girls,1046
Makwanpur,Narayani,Hill,Central,Grade 12,Boys,675
Makwanpur,Narayani,Hill,Central,Grade 11-12,Girls,2379
Makwanpur,Narayani,Hill,Central,Grade 11-12,Boys,1566
Manang,Gandaki,Mountain,Western,Grade 11,Girls,31
Manang,Gandaki,Mountain,Western,Grade 11,Boys,36
Manang,Gandaki,Mountain,Western,Grade 12,Girls,17
Manang,Gandaki,Mountain,Western,Grade 12,Boys,35
Manang,Gandaki,Mountain,Western,Grade 11-12,Girls,48
Manang,Gandaki,Mountain,Western,Grade 11-12,Boys,71
Morang,Kosi,Terai,Eastern,Grade 11,Girls,2689
Morang,Kosi,Terai,Eastern,Grade 11,Boys,2616
Morang,Kosi,Terai,Eastern,Grade 12,Girls,2629
Morang,Kosi,Terai,Eastern,Grade 12,Boys,2296
Morang,Kosi,Terai,Eastern,Grade 11-12,Girls,5318
Morang,Kosi,Terai,Eastern,Grade 11-12,Boys,4912
Mugu,Karnali,Mountain,Mid-Western,Grade 11,Girls,117
Mugu,Karnali,Mountain,Mid-Western,Grade 11,Boys,317
Mugu,Karnali,Mountain,Mid-Western,Grade 12,Girls,71
Mugu,Karnali,Mountain,Mid-Western,Grade 12,Boys,303
Mugu,Karnali,Mountain,Mid-Western,Grade 11-12,Girls,188
Mugu,Karnali,Mountain,Mid-Western,Grade 11-12,Boys,620
Mustang,Dhawalagiri,Mountain,Western,Grade 11,Girls,15
Mustang,Dhawalagiri,Mountain,Western,Grade 11,Boys,18
Mustang,Dhawalagiri,Mountain,Western,Grade 12,Girls,10
Mustang,Dhawalagiri,Mountain,Western,Grade 12,Boys,11
Mustang,Dhawalagiri,Mountain,Western,Grade 11-12,Girls,25
Mustang,Dhawalagiri,Mountain,Western,Grade 11-12,Boys,29
Myagdi,Dhawalagiri,Hill,Western,Grade 11,Girls,844
Myagdi,Dhawalagiri,Hill,Western,Grade 11,Boys,514
Myagdi,Dhawalagiri,Hill,Western,Grade 12,Girls,575
Myagdi,Dhawalagiri,Hill,Western,Grade 12,Boys,372
Myagdi,Dhawalagiri,Hill,Western,Grade 11-12,Girls,1419
Myagdi,Dhawalagiri,Hill,Western,Grade 11-12,Boys,886
Nawalparasi,Lumbini,Terai,Western,Grade 11,Girls,2890
Nawalparasi,Lumbini,Terai,Western,Grade 11,Boys,3041
Nawalparasi,Lumbini,Terai,Western,Grade 12,Girls,2554
Nawalparasi,Lumbini,Terai,Western,Grade 12,Boys,2600
Nawalparasi,Lumbini,Terai,Western,Grade 11-12,Girls,5444
Nawalparasi,Lumbini,Terai,Western,Grade 11-12,Boys,5641
Nuwakot,Bagmati,Hill,Central,Grade 11,Girls,1133
Nuwakot,Bagmati,Hill,Central,Grade 11,Boys,789
Nuwakot,Bagmati,Hill,Central,Grade 12,Girls,1134
Nuwakot,Bagmati,Hill,Central,Grade 12,Boys,725
Nuwakot,Bagmati,Hill,Central,Grade 11-12,Girls,2267
Nuwakot,Bagmati,Hill,Central,Grade 11-12,Boys,1514
Okhaldhunga,Sagarmatha,Hill,Eastern,Grade 11,Girls,661
Okhaldhunga,Sagarmatha,Hill,Eastern,Grade 11,Boys,645
Okhaldhunga,Sagarmatha,Hill,Eastern,Grade 12,Girls,540
Okhaldhunga,Sagarmatha,Hill,Eastern,Grade 12,Boys,458
Okhaldhunga,Sagarmatha,Hill,Eastern,Grade 11-12,Girls,1201
Okhaldhunga,Sagarmatha,Hill,Eastern,Grade 11-12,Boys,1103
Palpa,Lumbini,Hill,Western,Grade 11,Girls,1432
Palpa,Lumbini,Hill,Western,Grade 11,Boys,1494
Palpa,Lumbini,Hill,Western,Grade 12,Girls,1737
Palpa,Lumbini,Hill,Western,Grade 12,Boys,1528
Palpa,Lumbini,Hill,Western,Grade 11-12,Girls,3169
Palpa,Lumbini,Hill,Western,Grade 11-12,Boys,3022
Panchthar,Mechi,Hill,Eastern,Grade 11,Girls,1051
Panchthar,Mechi,Hill,Eastern,Grade 11,Boys,695
Panchthar,Mechi,Hill,Eastern,Grade 12,Girls,1226
Panchthar,Mechi,Hill,Eastern,Grade 12,Boys,617
Panchthar,Mechi,Hill,Eastern,Grade 11-12,Girls,2277
Panchthar,Mechi,Hill,Eastern,Grade 11-12,Boys,1312
Parbat,Dhawalagiri,Hill,Western,Grade 11,Girls,1026
Parbat,Dhawalagiri,Hill,Western,Grade 11,Boys,888
Parbat,Dhawalagiri,Hill,Western,Grade 12,Girls,908
Parbat,Dhawalagiri,Hill,Western,Grade 12,Boys,671
Parbat,Dhawalagiri,Hill,Western,Grade 11-12,Girls,1934
Parbat,Dhawalagiri,Hill,Western,Grade 11-12,Boys,1559
Parsa,Narayani,Terai,Central,Grade 11,Girls,410
Parsa,Narayani,Terai,Central,Grade 11,Boys,440
Parsa,Narayani,Terai,Central,Grade 12,Girls,395
Parsa,Narayani,Terai,Central,Grade 12,Boys,451
Parsa,Narayani,Terai,Central,Grade 11-12,Girls,805
Parsa,Narayani,Terai,Central,Grade 11-12,Boys,891
Pyuthan,Rapti,Hill,Mid-Western,Grade 11,Girls,745
Pyuthan,Rapti,Hill,Mid-Western,Grade 11,Boys,651
Pyuthan,Rapti,Hill,Mid-Western,Grade 12,Girls,653
Pyuthan,Rapti,Hill,Mid-Western,Grade 12,Boys,538
Pyuthan,Rapti,Hill,Mid-Western,Grade 11-12,Girls,1398
Pyuthan,Rapti,Hill,Mid-Western,Grade 11-12,Boys,1189
Ramechhap,Janakpur,Hill,Central,Grade 11,Girls,1432
Ramechhap,Janakpur,Hill,Central,Grade 11,Boys,1204
Ramechhap,Janakpur,Hill,Central,Grade 12,Girls,1278
Ramechhap,Janakpur,Hill,Central,Grade 12,Boys,1133
Ramechhap,Janakpur,Hill,Central,Grade 11-12,Girls,2710
Ramechhap,Janakpur,Hill,Central,Grade 11-12,Boys,2337
Rasuwa,Bagmati,Mountain,Central,Grade 11,Girls,287
Rasuwa,Bagmati,Mountain,Central,Grade 11,Boys,249
Rasuwa,Bagmati,Mountain,Central,Grade 12,Girls,222
Rasuwa,Bagmati,Mountain,Central,Grade 12,Boys,205
Rasuwa,Bagmati,Mountain,Central,Grade 11-12,Girls,509
Rasuwa,Bagmati,Mountain,Central,Grade 11-12,Boys,454
Rautahat,Narayani,Terai,Central,Grade 11,Girls,2087
Rautahat,Narayani,Terai,Central,Grade 11,Boys,3148
Rautahat,Narayani,Terai,Central,Grade 12,Girls,1849
Rautahat,Narayani,Terai,Central,Grade 12,Boys,2984
Rautahat,Narayani,Terai,Central,Grade 11-12,Girls,3936
Rautahat,Narayani,Terai,Central,Grade 11-12,Boys,6132
Rolpa,Rapti,Hill,Mid-Western,Grade 11,Girls,470
Rolpa,Rapti,Hill,Mid-Western,Grade 11,Boys,447
Rolpa,Rapti,Hill,Mid-Western,Grade 12,Girls,480
Rolpa,Rapti,Hill,Mid-Western,Grade 12,Boys,381
Rolpa,Rapti,Hill,Mid-Western,Grade 11-12,Girls,950
Rolpa,Rapti,Hill,Mid-Western,Grade 11-12,Boys,828
Rukum,Rapti,Hill,Mid-Western,Grade 11,Girls,1053
Rukum,Rapti,Hill,Mid-Western,Grade 11,Boys,1158
Rukum,Rapti,Hill,Mid-Western,Grade 12,Girls,1300
Rukum,Rapti,Hill,Mid-Western,Grade 12,Boys,1342
Rukum,Rapti,Hill,Mid-Western,Grade 11-12,Girls,2353
Rukum,Rapti,Hill,Mid-Western,Grade 11-12,Boys,2500
Rupandehi,Lumbini,Terai,Western,Grade 11,Girls,2761
Rupandehi,Lumbini,Terai,Western,Grade 11,Boys,3185
Rupandehi,Lumbini,Terai,Western,Grade 12,Girls,2702
Rupandehi,Lumbini,Terai,Western,Grade 12,Boys,2728
Rupandehi,Lumbini,Terai,Western,Grade 11-12,Girls,5463
Rupandehi,Lumbini,Terai,Western,Grade 11-12,Boys,5913
Salyan,Rapti,Hill,Mid-Western,Grade 11,Girls,852
Salyan,Rapti,Hill,Mid-Western,Grade 11,Boys,940
Salyan,Rapti,Hill,Mid-Western,Grade 12,Girls,1199
Salyan,Rapti,Hill,Mid-Western,Grade 12,Boys,1329
Salyan,Rapti,Hill,Mid-Western,Grade 11-12,Girls,2051
Salyan,Rapti,Hill,Mid-Western,Grade 11-12,Boys,2269
Sankhuwasabha,Kosi,Mountain,Eastern,Grade 11,Girls,616
Sankhuwasabha,Kosi,Mountain,Eastern,Grade 11,Boys,545
Sankhuwasabha,Kosi,Mountain,Eastern,Grade 12,Girls,445
Sankhuwasabha,Kosi,Mountain,Eastern,Grade 12,Boys,357
Sankhuwasabha,Kosi,Mountain,Eastern,Grade 11-12,Girls,1061
Sankhuwasabha,Kosi,Mountain,Eastern,Grade 11-12,Boys,902
Saptari,Sagarmatha,Terai,Eastern,Grade 11,Girls,698
Saptari,Sagarmatha,Terai,Eastern,Grade 11,Boys,579
Saptari,Sagarmatha,Terai,Eastern,Grade 12,Girls,877
Saptari,Sagarmatha,Terai,Eastern,Grade 12,Boys,773
Saptari,Sagarmatha,Terai,Eastern,Grade 11-12,Girls,1575
Saptari,Sagarmatha,Terai,Eastern,Grade 11-12,Boys,1352
Sarlahi,Janakpur,Terai,Central,Grade 11,Girls,1103
Sarlahi,Janakpur,Terai,Central,Grade 11,Boys,1131
Sarlahi,Janakpur,Terai,Central,Grade 12,Girls,1574
Sarlahi,Janakpur,Terai,Central,Grade 12,Boys,1703
Sarlahi,Janakpur,Terai,Central,Grade 11-12,Girls,2677
Sarlahi,Janakpur,Terai,Central,Grade 11-12,Boys,2834
Sindhuli,Janakpur,Hill,Central,Grade 11,Girls,1843
Sindhuli,Janakpur,Hill,Central,Grade 11,Boys,1837
Sindhuli,Janakpur,Hill,Central,Grade 12,Girls,1853
Sindhuli,Janakpur,Hill,Central,Grade 12,Boys,1860
Sindhuli,Janakpur,Hill,Central,Grade 11-12,Girls,3696
Sindhuli,Janakpur,Hill,Central,Grade 11-12,Boys,3697
Sindhupalchok,Bagmati,Mountain,Central,Grade 11,Girls,1504
Sindhupalchok,Bagmati,Mountain,Central,Grade 11,Boys,1228
Sindhupalchok,Bagmati,Mountain,Central,Grade 12,Girls,1252
Sindhupalchok,Bagmati,Mountain,Central,Grade 12,Boys,1110
Sindhupalchok,Bagmati,Mountain,Central,Grade 11-12,Girls,2756
Sindhupalchok,Bagmati,Mountain,Central,Grade 11-12,Boys,2338
Siraha,Sagarmatha,Terai,Eastern,Grade 11,Girls,1475
Siraha,Sagarmatha,Terai,Eastern,Grade 11,Boys,1730
Siraha,Sagarmatha,Terai,Eastern,Grade 12,Girls,1669
Siraha,Sagarmatha,Terai,Eastern,Grade 12,Boys,1770
Siraha,Sagarmatha,Terai,Eastern,Grade 11-12,Girls,3144
Siraha,Sagarmatha,Terai,Eastern,Grade 11-12,Boys,3500
Solukhumbu,Sagarmatha,Mountain,Eastern,Grade 11,Girls,571
Solukhumbu,Sagarmatha,Mountain,Eastern,Grade 11,Boys,496
Solukhumbu,Sagarmatha,Mountain,Eastern,Grade 12,Girls,570
Solukhumbu,Sagarmatha,Mountain,Eastern,Grade 12,Boys,496
Solukhumbu,Sagarmatha,Mountain,Eastern,Grade 11-12,Girls,1141
Solukhumbu,Sagarmatha,Mountain,Eastern,Grade 11-12,Boys,992
Sunsari,Kosi,Terai,Eastern,Grade 11,Girls,1839
Sunsari,Kosi,Terai,Eastern,Grade 11,Boys,1728
Sunsari,Kosi,Terai,Eastern,Grade 12,Girls,2688
Sunsari,Kosi,Terai,Eastern,Grade 12,Boys,2103
Sunsari,Kosi,Terai,Eastern,Grade 11-12,Girls,4527
Sunsari,Kosi,Terai,Eastern,Grade 11-12,Boys,3831
Surkhet,Bheri,Hill,Mid-Western,Grade 11,Girls,1627
Surkhet,Bheri,Hill,Mid-Western,Grade 11,Boys,2153
Surkhet,Bheri,Hill,Mid-Western,Grade 12,Girls,1817
Surkhet,Bheri,Hill,Mid-Western,Grade 12,Boys,2032
Surkhet,Bheri,Hill,Mid-Western,Grade 11-12,Girls,3444
Surkhet,Bheri,Hill,Mid-Western,Grade 11-12,Boys,4185
Syangja,Gandaki,Hill,Western,Grade 11,Girls,2242
Syangja,Gandaki,Hill,Western,Grade 11,Boys,2024
Syangja,Gandaki,Hill,Western,Grade 12,Girls,2485
Syangja,Gandaki,Hill,Western,Grade 12,Boys,1964
Syangja,Gandaki,Hill,Western,Grade 11-12,Girls,4727
Syangja,Gandaki,Hill,Western,Grade 11-12,Boys,3988
Tanahu,Gandaki,Hill,Western,Grade 11,Girls,1813
Tanahu,Gandaki,Hill,Western,Grade 11,Boys,1436
Tanahu,Gandaki,Hill,Western,Grade 12,Girls,1553
Tanahu,Gandaki,Hill,Western,Grade 12,Boys,1118
Tanahu,Gandaki,Hill,Western,Grade 11-12,Girls,3366
Tanahu,Gandaki,Hill,Western,Grade 11-12,Boys,2554
Taplejung,Mechi,Mountain,Eastern,Grade 11,Girls,928
Taplejung,Mechi,Mountain,Eastern,Grade 11,Boys,696
Taplejung,Mechi,Mountain,Eastern,Grade 12,Girls,789
Taplejung,Mechi,Mountain,Eastern,Grade 12,Boys,624
Taplejung,Mechi,Mountain,Eastern,Grade 11-12,Girls,1717
Taplejung,Mechi,Mountain,Eastern,Grade 11-12,Boys,1320
Terhathum,Kosi,Hill,Eastern,Grade 11,Girls,689
Terhathum,Kosi,Hill,Eastern,Grade 11,Boys,535
Terhathum,Kosi,Hill,Eastern,Grade 12,Girls,663
Terhathum,Kosi,Hill,Eastern,Grade 12,Boys,493
Terhathum,Kosi,Hill,Eastern,Grade 11-12,Girls,1352
Terhathum,Kosi,Hill,Eastern,Grade 11-12,Boys,1028
Udayapur,Sagarmatha,Hill,Eastern,Grade 11,Girls,1472
Udayapur,Sagarmatha,Hill,Eastern,Grade 11,Boys,1174
Udayapur,Sagarmatha,Hill,Eastern,Grade 12,Girls,1402
Udayapur,Sagarmatha,Hill,Eastern,Grade 12,Boys,1061
Udayapur,Sagarmatha,Hill,Eastern,Grade 11-12,Girls,2874
Udayapur,Sagarmatha,Hill,Eastern,Grade 11-12,Boys,2235
