Districts,Zone,Geographical Region,Development Region,Level,Enrollment Rate
Achham,Seti,Hill,Far-Western,Primary Girls,95.7
Achham,Seti,Hill,Far-Western,Primary Boys,95.3
Achham,Seti,Hill,Far-Western,Lower secondary Girls,53.4
Achham,Seti,Hill,Far-Western,Lower secondary Boys,65.2
Achham,Seti,Hill,Far-Western,Basic Girls,82.5
Achham,Seti,Hill,Far-Western,Basic Boys,85.0
Achham,Seti,Hill,Far-Western,Secondary  Girls,41.9
Achham,Seti,Hill,Far-Western,Secondary  Boys,56.9
Achham,Seti,Hill,Far-Western,Higher secondary Girls,7.7
Achham,Seti,Hill,Far-Western,Higher secondary Boys,15.6
Achham,Seti,Hill,Far-Western,Secondary Girls,24.6
Achham,Seti,Hill,Far-Western,Secondary Boys,37.4
Arghakhanchi,Lumbini,Hill,Western,Primary Girls,93.7
Arghakhanchi,Lumbini,Hill,Western,Primary Boys,98.5
Arghakhanchi,Lumbini,Hill,Western,Lower secondary Girls,85.0
Arghakhanchi,Lumbini,Hill,Western,Lower secondary Boys,80.4
Arghakhanchi,Lumbini,Hill,Western,Basic Girls,90.7
Arghakhanchi,Lumbini,Hill,Western,Basic Boys,91.8
Arghakhanchi,Lumbini,Hill,Western,Secondary  Girls,60.5
Arghakhanchi,Lumbini,Hill,Western,Secondary  Boys,62.9
Arghakhanchi,Lumbini,Hill,Western,Higher secondary Girls,11.3
Arghakhanchi,Lumbini,Hill,Western,Higher secondary Boys,9.5
Arghakhanchi,Lumbini,Hill,Western,Secondary Girls,36.0
Arghakhanchi,Lumbini,Hill,Western,Secondary Boys,39.9
Baglung,Dhawalagiri,Hill,Western,Primary Girls,96.7
Baglung,Dhawalagiri,Hill,Western,Primary Boys,98.9
Baglung,Dhawalagiri,Hill,Western,Lower secondary Girls,83.8
Baglung,Dhawalagiri,Hill,Western,Lower secondary Boys,79.7
Baglung,Dhawalagiri,Hill,Western,Basic Girls,92.3
Baglung,Dhawalagiri,Hill,Western,Basic Boys,92.4
Baglung,Dhawalagiri,Hill,Western,Secondary  Girls,70.1
Baglung,Dhawalagiri,Hill,Western,Secondary  Boys,59.5
Baglung,Dhawalagiri,Hill,Western,Higher secondary Girls,16.1
Baglung,Dhawalagiri,Hill,Western,Higher secondary Boys,13.0
Baglung,Dhawalagiri,Hill,Western,Secondary Girls,43.2
Baglung,Dhawalagiri,Hill,Western,Secondary Boys,38.4
Baitadi,Mahakali,Hill,Far-Western,Primary Girls,96.2
Baitadi,Mahakali,Hill,Far-Western,Primary Boys,96.3
Baitadi,Mahakali,Hill,Far-Western,Lower secondary Girls,65.3
Baitadi,Mahakali,Hill,Far-Western,Lower secondary Boys,71.7
Baitadi,Mahakali,Hill,Far-Western,Basic Girls,86.3
Baitadi,Mahakali,Hill,Far-Western,Basic Boys,87.9
Baitadi,Mahakali,Hill,Far-Western,Secondary  Girls,58.6
Baitadi,Mahakali,Hill,Far-Western,Secondary  Boys,62.5
Baitadi,Mahakali,Hill,Far-Western,Higher secondary Girls,10.2
Baitadi,Mahakali,Hill,Far-Western,Higher secondary Boys,15.7
Baitadi,Mahakali,Hill,Far-Western,Secondary Girls,34.0
Baitadi,Mahakali,Hill,Far-Western,Secondary Boys,39.5
Bajhang,Seti,Mountain,Far-Western,Primary Girls,97.2
Bajhang,Seti,Mountain,Far-Western,Primary Boys,96.3
Bajhang,Seti,Mountain,Far-Western,Lower secondary Girls,68.3
Bajhang,Seti,Mountain,Far-Western,Lower secondary Boys,76.7
Bajhang,Seti,Mountain,Far-Western,Basic Girls,88.8
Bajhang,Seti,Mountain,Far-Western,Basic Boys,90.4
Bajhang,Seti,Mountain,Far-Western,Secondary  Girls,46.6
Bajhang,Seti,Mountain,Far-Western,Secondary  Boys,68.8
Bajhang,Seti,Mountain,Far-Western,Higher secondary Girls,4.7
Bajhang,Seti,Mountain,Far-Western,Higher secondary Boys,8.5
Bajhang,Seti,Mountain,Far-Western,Secondary Girls,25.2
Bajhang,Seti,Mountain,Far-Western,Secondary Boys,39.4
Bajura,Seti,Mountain,Far-Western,Primary Girls,95.1
Bajura,Seti,Mountain,Far-Western,Primary Boys,96.4
Bajura,Seti,Mountain,Far-Western,Lower secondary Girls,77.7
Bajura,Seti,Mountain,Far-Western,Lower secondary Boys,74.9
Bajura,Seti,Mountain,Far-Western,Basic Girls,89.9
Bajura,Seti,Mountain,Far-Western,Basic Boys,89.9
Bajura,Seti,Mountain,Far-Western,Secondary  Girls,47.9
Bajura,Seti,Mountain,Far-Western,Secondary  Boys,69.3
Bajura,Seti,Mountain,Far-Western,Higher secondary Girls,8.4
Bajura,Seti,Mountain,Far-Western,Higher secondary Boys,16.6
Bajura,Seti,Mountain,Far-Western,Secondary Girls,28.4
Bajura,Seti,Mountain,Far-Western,Secondary Boys,44.1
Banke,Bheri,Terai,Mid-Western,Primary Girls,97.4
Banke,Bheri,Terai,Mid-Western,Primary Boys,96.8
Banke,Bheri,Terai,Mid-Western,Lower secondary Girls,64.3
Banke,Bheri,Terai,Mid-Western,Lower secondary Boys,70.7
Banke,Bheri,Terai,Mid-Western,Basic Girls,86.4
Banke,Bheri,Terai,Mid-Western,Basic Boys,88.0
Banke,Bheri,Terai,Mid-Western,Secondary  Girls,48.8
Banke,Bheri,Terai,Mid-Western,Secondary  Boys,49.0
Banke,Bheri,Terai,Mid-Western,Higher secondary Girls,11.1
Banke,Bheri,Terai,Mid-Western,Higher secondary Boys,12.7
Banke,Bheri,Terai,Mid-Western,Secondary Girls,29.8
Banke,Bheri,Terai,Mid-Western,Secondary Boys,30.7
Bara,Narayani,Terai,Central,Primary Girls,95.6
Bara,Narayani,Terai,Central,Primary Boys,96.4
Bara,Narayani,Terai,Central,Lower secondary Girls,54.6
Bara,Narayani,Terai,Central,Lower secondary Boys,53.0
Bara,Narayani,Terai,Central,Basic Girls,84.2
Bara,Narayani,Terai,Central,Basic Boys,83.7
Bara,Narayani,Terai,Central,Secondary  Girls,38.7
Bara,Narayani,Terai,Central,Secondary  Boys,40.8
Bara,Narayani,Terai,Central,Higher secondary Girls,7.3
Bara,Narayani,Terai,Central,Higher secondary Boys,6.9
Bara,Narayani,Terai,Central,Secondary Girls,22.8
Bara,Narayani,Terai,Central,Secondary Boys,23.6
Bardiya,Bheri,Terai,Mid-Western,Primary Girls,96.9
Bardiya,Bheri,Terai,Mid-Western,Primary Boys,97.8
Bardiya,Bheri,Terai,Mid-Western,Lower secondary Girls,77.1
Bardiya,Bheri,Terai,Mid-Western,Lower secondary Boys,78.8
Bardiya,Bheri,Terai,Mid-Western,Basic Girls,90.0
Bardiya,Bheri,Terai,Mid-Western,Basic Boys,91.1
Bardiya,Bheri,Terai,Mid-Western,Secondary  Girls,45.8
Bardiya,Bheri,Terai,Mid-Western,Secondary  Boys,49.2
Bardiya,Bheri,Terai,Mid-Western,Higher secondary Girls,6.3
Bardiya,Bheri,Terai,Mid-Western,Higher secondary Boys,6.0
Bardiya,Bheri,Terai,Mid-Western,Secondary Girls,25.8
Bardiya,Bheri,Terai,Mid-Western,Secondary Boys,28.1
Bhaktapur,Bagmati,Hill,Central,Primary Girls,98.4
Bhaktapur,Bagmati,Hill,Central,Primary Boys,97.5
Bhaktapur,Bagmati,Hill,Central,Lower secondary Girls,95.1
Bhaktapur,Bagmati,Hill,Central,Lower secondary Boys,80.5
Bhaktapur,Bagmati,Hill,Central,Basic Girls,97.1
Bhaktapur,Bagmati,Hill,Central,Basic Boys,91.1
Bhaktapur,Bagmati,Hill,Central,Secondary  Girls,75.2
Bhaktapur,Bagmati,Hill,Central,Secondary  Boys,77.4
Bhaktapur,Bagmati,Hill,Central,Higher secondary Girls,20.7
Bhaktapur,Bagmati,Hill,Central,Higher secondary Boys,20.3
Bhaktapur,Bagmati,Hill,Central,Secondary Girls,47.3
Bhaktapur,Bagmati,Hill,Central,Secondary Boys,47.2
Bhojpur,Kosi,Hill,Eastern,Primary Girls,96.9
Bhojpur,Kosi,Hill,Eastern,Primary Boys,96.6
Bhojpur,Kosi,Hill,Eastern,Lower secondary Girls,76.5
Bhojpur,Kosi,Hill,Eastern,Lower secondary Boys,76.6
Bhojpur,Kosi,Hill,Eastern,Basic Girls,89.4
Bhojpur,Kosi,Hill,Eastern,Basic Boys,88.9
Bhojpur,Kosi,Hill,Eastern,Secondary  Girls,50.3
Bhojpur,Kosi,Hill,Eastern,Secondary  Boys,47.7
Bhojpur,Kosi,Hill,Eastern,Higher secondary Girls,11.2
Bhojpur,Kosi,Hill,Eastern,Higher secondary Boys,8.0
Bhojpur,Kosi,Hill,Eastern,Secondary Girls,31.4
Bhojpur,Kosi,Hill,Eastern,Secondary Boys,28.5
Chitawan,Narayani,Terai,Central,Primary Girls,96.8
Chitawan,Narayani,Terai,Central,Primary Boys,96.9
Chitawan,Narayani,Terai,Central,Lower secondary Girls,90.6
Chitawan,Narayani,Terai,Central,Lower secondary Boys,92.8
Chitawan,Narayani,Terai,Central,Basic Girls,94.6
Chitawan,Narayani,Terai,Central,Basic Boys,95.5
Chitawan,Narayani,Terai,Central,Secondary  Girls,69.5
Chitawan,Narayani,Terai,Central,Secondary  Boys,64.8
Chitawan,Narayani,Terai,Central,Higher secondary Girls,10.9
Chitawan,Narayani,Terai,Central,Higher secondary Boys,10.6
Chitawan,Narayani,Terai,Central,Secondary Girls,39.5
Chitawan,Narayani,Terai,Central,Secondary Boys,37.8
Dadeldhura,Mahakali,Hill,Far-Western,Primary Girls,98.4
Dadeldhura,Mahakali,Hill,Far-Western,Primary Boys,98.2
Dadeldhura,Mahakali,Hill,Far-Western,Lower secondary Girls,79.0
Dadeldhura,Mahakali,Hill,Far-Western,Lower secondary Boys,81.7
Dadeldhura,Mahakali,Hill,Far-Western,Basic Girls,92.0
Dadeldhura,Mahakali,Hill,Far-Western,Basic Boys,92.9
Dadeldhura,Mahakali,Hill,Far-Western,Secondary  Girls,59.5
Dadeldhura,Mahakali,Hill,Far-Western,Secondary  Boys,57.2
Dadeldhura,Mahakali,Hill,Far-Western,Higher secondary Girls,9.0
Dadeldhura,Mahakali,Hill,Far-Western,Higher secondary Boys,12.5
Dadeldhura,Mahakali,Hill,Far-Western,Secondary Girls,33.5
Dadeldhura,Mahakali,Hill,Far-Western,Secondary Boys,35.4
Dailekh,Bheri,Hill,Mid-Western,Primary Girls,95.8
Dailekh,Bheri,Hill,Mid-Western,Primary Boys,98.3
Dailekh,Bheri,Hill,Mid-Western,Lower secondary Girls,75.9
Dailekh,Bheri,Hill,Mid-Western,Lower secondary Boys,74.0
Dailekh,Bheri,Hill,Mid-Western,Basic Girls,89.2
Dailekh,Bheri,Hill,Mid-Western,Basic Boys,90.3
Dailekh,Bheri,Hill,Mid-Western,Secondary  Girls,55.6
Dailekh,Bheri,Hill,Mid-Western,Secondary  Boys,65.1
Dailekh,Bheri,Hill,Mid-Western,Higher secondary Girls,7.1
Dailekh,Bheri,Hill,Mid-Western,Higher secondary Boys,10.0
Dailekh,Bheri,Hill,Mid-Western,Secondary Girls,31.0
Dailekh,Bheri,Hill,Mid-Western,Secondary Boys,39.0
Dang,Rapti,Terai,Mid-Western,Primary Girls,95.6
Dang,Rapti,Terai,Mid-Western,Primary Boys,97.8
Dang,Rapti,Terai,Mid-Western,Lower secondary Girls,79.1
Dang,Rapti,Terai,Mid-Western,Lower secondary Boys,72.8
Dang,Rapti,Terai,Mid-Western,Basic Girls,90.0
Dang,Rapti,Terai,Mid-Western,Basic Boys,89.2
Dang,Rapti,Terai,Mid-Western,Secondary  Girls,54.0
Dang,Rapti,Terai,Mid-Western,Secondary  Boys,49.7
Dang,Rapti,Terai,Mid-Western,Higher secondary Girls,11.9
Dang,Rapti,Terai,Mid-Western,Higher secondary Boys,10.5
Dang,Rapti,Terai,Mid-Western,Secondary Girls,32.3
Dang,Rapti,Terai,Mid-Western,Secondary Boys,30.9
Darchaula,Mahakali,Mountain,Far-Western,Primary Girls,96.9
Darchaula,Mahakali,Mountain,Far-Western,Primary Boys,97.8
Darchaula,Mahakali,Mountain,Far-Western,Lower secondary Girls,68.3
Darchaula,Mahakali,Mountain,Far-Western,Lower secondary Boys,71.9
Darchaula,Mahakali,Mountain,Far-Western,Basic Girls,87.4
Darchaula,Mahakali,Mountain,Far-Western,Basic Boys,89.4
Darchaula,Mahakali,Mountain,Far-Western,Secondary  Girls,59.6
Darchaula,Mahakali,Mountain,Far-Western,Secondary  Boys,69.2
Darchaula,Mahakali,Mountain,Far-Western,Higher secondary Girls,17.6
Darchaula,Mahakali,Mountain,Far-Western,Higher secondary Boys,22.7
Darchaula,Mahakali,Mountain,Far-Western,Secondary Girls,38.3
Darchaula,Mahakali,Mountain,Far-Western,Secondary Boys,46.2
Dhading,Bagmati,Hill,Central,Primary Girls,97.1
Dhading,Bagmati,Hill,Central,Primary Boys,97.7
Dhading,Bagmati,Hill,Central,Lower secondary Girls,69.2
Dhading,Bagmati,Hill,Central,Lower secondary Boys,74.8
Dhading,Bagmati,Hill,Central,Basic Girls,87.3
Dhading,Bagmati,Hill,Central,Basic Boys,89.3
Dhading,Bagmati,Hill,Central,Secondary  Girls,48.3
Dhading,Bagmati,Hill,Central,Secondary  Boys,47.0
Dhading,Bagmati,Hill,Central,Higher secondary Girls,9.2
Dhading,Bagmati,Hill,Central,Higher secondary Boys,7.6
Dhading,Bagmati,Hill,Central,Secondary Girls,28.6
Dhading,Bagmati,Hill,Central,Secondary Boys,27.6
Dhankuta,Kosi,Hill,Eastern,Primary Girls,96.7
Dhankuta,Kosi,Hill,Eastern,Primary Boys,97.5
Dhankuta,Kosi,Hill,Eastern,Lower secondary Girls,81.5
Dhankuta,Kosi,Hill,Eastern,Lower secondary Boys,84.8
Dhankuta,Kosi,Hill,Eastern,Basic Girls,91.1
Dhankuta,Kosi,Hill,Eastern,Basic Boys,92.9
Dhankuta,Kosi,Hill,Eastern,Secondary  Girls,57.4
Dhankuta,Kosi,Hill,Eastern,Secondary  Boys,52.2
Dhankuta,Kosi,Hill,Eastern,Higher secondary Girls,8.6
Dhankuta,Kosi,Hill,Eastern,Higher secondary Boys,5.9
Dhankuta,Kosi,Hill,Eastern,Secondary Girls,33.4
Dhankuta,Kosi,Hill,Eastern,Secondary Boys,29.5
Dhanusa,Janakpur,Terai,Central,Primary Girls,88.7
Dhanusa,Janakpur,Terai,Central,Primary Boys,90.9
Dhanusa,Janakpur,Terai,Central,Lower secondary Girls,43.3
Dhanusa,Janakpur,Terai,Central,Lower secondary Boys,50.5
Dhanusa,Janakpur,Terai,Central,Basic Girls,75.1
Dhanusa,Janakpur,Terai,Central,Basic Boys,78.1
Dhanusa,Janakpur,Terai,Central,Secondary  Girls,38.3
Dhanusa,Janakpur,Terai,Central,Secondary  Boys,41.4
Dhanusa,Janakpur,Terai,Central,Higher secondary Girls,1.7
Dhanusa,Janakpur,Terai,Central,Higher secondary Boys,1.3
Dhanusa,Janakpur,Terai,Central,Secondary Girls,20.2
Dhanusa,Janakpur,Terai,Central,Secondary Boys,20.2
Dolakha,Janakpur,Mountain,Central,Primary Girls,97.5
Dolakha,Janakpur,Mountain,Central,Primary Boys,98.3
Dolakha,Janakpur,Mountain,Central,Lower secondary Girls,75.5
Dolakha,Janakpur,Mountain,Central,Lower secondary Boys,74.8
Dolakha,Janakpur,Mountain,Central,Basic Girls,89.3
Dolakha,Janakpur,Mountain,Central,Basic Boys,88.8
Dolakha,Janakpur,Mountain,Central,Secondary  Girls,63.3
Dolakha,Janakpur,Mountain,Central,Secondary  Boys,56.0
Dolakha,Janakpur,Mountain,Central,Higher secondary Girls,8.7
Dolakha,Janakpur,Mountain,Central,Higher secondary Boys,5.6
Dolakha,Janakpur,Mountain,Central,Secondary Girls,36.6
Dolakha,Janakpur,Mountain,Central,Secondary Boys,31.2
Dolpa,Karnali,Mountain,Mid-Western,Primary Girls,97.3
Dolpa,Karnali,Mountain,Mid-Western,Primary Boys,97.0
Dolpa,Karnali,Mountain,Mid-Western,Lower secondary Girls,55.1
Dolpa,Karnali,Mountain,Mid-Western,Lower secondary Boys,65.9
Dolpa,Karnali,Mountain,Mid-Western,Basic Girls,83.1
Dolpa,Karnali,Mountain,Mid-Western,Basic Boys,86.5
Dolpa,Karnali,Mountain,Mid-Western,Secondary  Girls,37.6
Dolpa,Karnali,Mountain,Mid-Western,Secondary  Boys,60.4
Dolpa,Karnali,Mountain,Mid-Western,Higher secondary Girls,6.3
Dolpa,Karnali,Mountain,Mid-Western,Higher secondary Boys,13.3
Dolpa,Karnali,Mountain,Mid-Western,Secondary Girls,22.0
Dolpa,Karnali,Mountain,Mid-Western,Secondary Boys,37.0
Doti,Seti,Hill,Far-Western,Primary Girls,95.2
Doti,Seti,Hill,Far-Western,Primary Boys,96.2
Doti,Seti,Hill,Far-Western,Lower secondary Girls,58.7
Doti,Seti,Hill,Far-Western,Lower secondary Boys,68.0
Doti,Seti,Hill,Far-Western,Basic Girls,83.0
Doti,Seti,Hill,Far-Western,Basic Boys,85.5
Doti,Seti,Hill,Far-Western,Secondary  Girls,33.8
Doti,Seti,Hill,Far-Western,Secondary  Boys,42.8
Doti,Seti,Hill,Far-Western,Higher secondary Girls,8.8
Doti,Seti,Hill,Far-Western,Higher secondary Boys,11.9
Doti,Seti,Hill,Far-Western,Secondary Girls,21.3
Doti,Seti,Hill,Far-Western,Secondary Boys,27.1
Gorkha,Gandaki,Hill,Western,Primary Girls,96.8
Gorkha,Gandaki,Hill,Western,Primary Boys,98.1
Gorkha,Gandaki,Hill,Western,Lower secondary Girls,73.4
Gorkha,Gandaki,Hill,Western,Lower secondary Boys,76.2
Gorkha,Gandaki,Hill,Western,Basic Girls,88.5
Gorkha,Gandaki,Hill,Western,Basic Boys,89.5
Gorkha,Gandaki,Hill,Western,Secondary  Girls,57.8
Gorkha,Gandaki,Hill,Western,Secondary  Boys,57.6
Gorkha,Gandaki,Hill,Western,Higher secondary Girls,5.0
Gorkha,Gandaki,Hill,Western,Higher secondary Boys,3.8
Gorkha,Gandaki,Hill,Western,Secondary Girls,31.4
Gorkha,Gandaki,Hill,Western,Secondary Boys,32.5
Gulmi,Lumbini,Hill,Western,Primary Girls,96.2
Gulmi,Lumbini,Hill,Western,Primary Boys,98.9
Gulmi,Lumbini,Hill,Western,Lower secondary Girls,89.6
Gulmi,Lumbini,Hill,Western,Lower secondary Boys,77.0
Gulmi,Lumbini,Hill,Western,Basic Girls,94.1
Gulmi,Lumbini,Hill,Western,Basic Boys,91.5
Gulmi,Lumbini,Hill,Western,Secondary  Girls,62.1
Gulmi,Lumbini,Hill,Western,Secondary  Boys,51.6
Gulmi,Lumbini,Hill,Western,Higher secondary Girls,11.0
Gulmi,Lumbini,Hill,Western,Higher secondary Boys,11.9
Gulmi,Lumbini,Hill,Western,Secondary Girls,37.0
Gulmi,Lumbini,Hill,Western,Secondary Boys,34.5
Humla,Karnali,Mountain,Mid-Western,Primary Girls,95.7
Humla,Karnali,Mountain,Mid-Western,Primary Boys,97.6
Humla,Karnali,Mountain,Mid-Western,Lower secondary Girls,57.7
Humla,Karnali,Mountain,Mid-Western,Lower secondary Boys,61.6
Humla,Karnali,Mountain,Mid-Western,Basic Girls,84.9
Humla,Karnali,Mountain,Mid-Western,Basic Boys,87.3
Humla,Karnali,Mountain,Mid-Western,Secondary  Girls,34.6
Humla,Karnali,Mountain,Mid-Western,Secondary  Boys,59.4
Humla,Karnali,Mountain,Mid-Western,Higher secondary Girls,11.4
Humla,Karnali,Mountain,Mid-Western,Higher secondary Boys,13.8
Humla,Karnali,Mountain,Mid-Western,Secondary Girls,23.1
Humla,Karnali,Mountain,Mid-Western,Secondary Boys,36.2
Ilam,Mechi,Hill,Eastern,Primary Girls,97.8
Ilam,Mechi,Hill,Eastern,Primary Boys,97.1
Ilam,Mechi,Hill,Eastern,Lower secondary Girls,84.7
Ilam,Mechi,Hill,Eastern,Lower secondary Boys,82.5
Ilam,Mechi,Hill,Eastern,Basic Girls,92.9
Ilam,Mechi,Hill,Eastern,Basic Boys,91.6
Ilam,Mechi,Hill,Eastern,Secondary  Girls,59.4
Ilam,Mechi,Hill,Eastern,Secondary  Boys,47.9
Ilam,Mechi,Hill,Eastern,Higher secondary Girls,12.8
Ilam,Mechi,Hill,Eastern,Higher secondary Boys,10.2
Ilam,Mechi,Hill,Eastern,Secondary Girls,35.9
Ilam,Mechi,Hill,Eastern,Secondary Boys,29.0
Jajarkot,Bheri,Hill,Mid-Western,Primary Girls,95.2
Jajarkot,Bheri,Hill,Mid-Western,Primary Boys,95.8
Jajarkot,Bheri,Hill,Mid-Western,Lower secondary Girls,73.0
Jajarkot,Bheri,Hill,Mid-Western,Lower secondary Boys,71.8
Jajarkot,Bheri,Hill,Mid-Western,Basic Girls,89.8
Jajarkot,Bheri,Hill,Mid-Western,Basic Boys,89.6
Jajarkot,Bheri,Hill,Mid-Western,Secondary  Girls,56.6
Jajarkot,Bheri,Hill,Mid-Western,Secondary  Boys,63.6
Jajarkot,Bheri,Hill,Mid-Western,Higher secondary Girls,16.3
Jajarkot,Bheri,Hill,Mid-Western,Higher secondary Boys,22.7
Jajarkot,Bheri,Hill,Mid-Western,Secondary Girls,36.2
Jajarkot,Bheri,Hill,Mid-Western,Secondary Boys,43.3
Jhapa,Mechi,Terai,Eastern,Primary Girls,97.8
Jhapa,Mechi,Terai,Eastern,Primary Boys,97.7
Jhapa,Mechi,Terai,Eastern,Lower secondary Girls,83.8
Jhapa,Mechi,Terai,Eastern,Lower secondary Boys,81.8
Jhapa,Mechi,Terai,Eastern,Basic Girls,92.4
Jhapa,Mechi,Terai,Eastern,Basic Boys,91.7
Jhapa,Mechi,Terai,Eastern,Secondary  Girls,62.2
Jhapa,Mechi,Terai,Eastern,Secondary  Boys,55.7
Jhapa,Mechi,Terai,Eastern,Higher secondary Girls,9.7
Jhapa,Mechi,Terai,Eastern,Higher secondary Boys,9.4
Jhapa,Mechi,Terai,Eastern,Secondary Girls,36.1
Jhapa,Mechi,Terai,Eastern,Secondary Boys,33.2
Jumla,Karnali,Mountain,Mid-Western,Primary Girls,96.2
Jumla,Karnali,Mountain,Mid-Western,Primary Boys,97.8
Jumla,Karnali,Mountain,Mid-Western,Lower secondary Girls,57.7
Jumla,Karnali,Mountain,Mid-Western,Lower secondary Boys,63.7
Jumla,Karnali,Mountain,Mid-Western,Basic Girls,84.9
Jumla,Karnali,Mountain,Mid-Western,Basic Boys,87.2
Jumla,Karnali,Mountain,Mid-Western,Secondary  Girls,47.9
Jumla,Karnali,Mountain,Mid-Western,Secondary  Boys,65.0
Jumla,Karnali,Mountain,Mid-Western,Higher secondary Girls,9.2
Jumla,Karnali,Mountain,Mid-Western,Higher secondary Boys,14.6
Jumla,Karnali,Mountain,Mid-Western,Secondary Girls,28.8
Jumla,Karnali,Mountain,Mid-Western,Secondary Boys,40.0
Kailali,Seti,Terai,Far-Western,Primary Girls,95.0
Kailali,Seti,Terai,Far-Western,Primary Boys,95.1
Kailali,Seti,Terai,Far-Western,Lower secondary Girls,78.9
Kailali,Seti,Terai,Far-Western,Lower secondary Boys,74.4
Kailali,Seti,Terai,Far-Western,Basic Girls,90.1
Kailali,Seti,Terai,Far-Western,Basic Boys,88.5
Kailali,Seti,Terai,Far-Western,Secondary  Girls,60.9
Kailali,Seti,Terai,Far-Western,Secondary  Boys,61.9
Kailali,Seti,Terai,Far-Western,Higher secondary Girls,10.7
Kailali,Seti,Terai,Far-Western,Higher secondary Boys,11.3
Kailali,Seti,Terai,Far-Western,Secondary Girls,35.2
Kailali,Seti,Terai,Far-Western,Secondary Boys,36.5
Kalikot,Karnali,Mountain,Mid-Western,Primary Girls,96.6
Kalikot,Karnali,Mountain,Mid-Western,Primary Boys,96.7
Kalikot,Karnali,Mountain,Mid-Western,Lower secondary Girls,73.0
Kalikot,Karnali,Mountain,Mid-Western,Lower secondary Boys,79.4
Kalikot,Karnali,Mountain,Mid-Western,Basic Girls,88.9
Kalikot,Karnali,Mountain,Mid-Western,Basic Boys,90.7
Kalikot,Karnali,Mountain,Mid-Western,Secondary  Girls,55.6
Kalikot,Karnali,Mountain,Mid-Western,Secondary  Boys,66.4
Kalikot,Karnali,Mountain,Mid-Western,Higher secondary Girls,20.8
Kalikot,Karnali,Mountain,Mid-Western,Higher secondary Boys,44.9
Kalikot,Karnali,Mountain,Mid-Western,Secondary Girls,37.9
Kalikot,Karnali,Mountain,Mid-Western,Secondary Boys,55.7
Kanchanpur,Mahakali,Terai,Far-Western,Primary Girls,90.6
Kanchanpur,Mahakali,Terai,Far-Western,Primary Boys,93.0
Kanchanpur,Mahakali,Terai,Far-Western,Lower secondary Girls,79.8
Kanchanpur,Mahakali,Terai,Far-Western,Lower secondary Boys,75.1
Kanchanpur,Mahakali,Terai,Far-Western,Basic Girls,87.0
Kanchanpur,Mahakali,Terai,Far-Western,Basic Boys,87.0
Kanchanpur,Mahakali,Terai,Far-Western,Secondary  Girls,61.7
Kanchanpur,Mahakali,Terai,Far-Western,Secondary  Boys,58.6
Kanchanpur,Mahakali,Terai,Far-Western,Higher secondary Girls,23.1
Kanchanpur,Mahakali,Terai,Far-Western,Higher secondary Boys,20.9
Kanchanpur,Mahakali,Terai,Far-Western,Secondary Girls,42.2
Kanchanpur,Mahakali,Terai,Far-Western,Secondary Boys,39.6
Kapilbastu,Lumbini,Terai,Western,Primary Girls,91.2
Kapilbastu,Lumbini,Terai,Western,Primary Boys,96.0
Kapilbastu,Lumbini,Terai,Western,Lower secondary Girls,52.3
Kapilbastu,Lumbini,Terai,Western,Lower secondary Boys,63.1
Kapilbastu,Lumbini,Terai,Western,Basic Girls,78.3
Kapilbastu,Lumbini,Terai,Western,Basic Boys,84.9
Kapilbastu,Lumbini,Terai,Western,Secondary  Girls,35.8
Kapilbastu,Lumbini,Terai,Western,Secondary  Boys,40.0
Kapilbastu,Lumbini,Terai,Western,Higher secondary Girls,8.2
Kapilbastu,Lumbini,Terai,Western,Higher secondary Boys,7.4
Kapilbastu,Lumbini,Terai,Western,Secondary Girls,21.8
Kapilbastu,Lumbini,Terai,Western,Secondary Boys,23.7
Kaski,Gandaki,Hill,Western,Primary Girls,98.6
Kaski,Gandaki,Hill,Western,Primary Boys,98.5
Kaski,Gandaki,Hill,Western,Lower secondary Girls,93.1
Kaski,Gandaki,Hill,Western,Lower secondary Boys,92.4
Kaski,Gandaki,Hill,Western,Basic Girls,96.5
Kaski,Gandaki,Hill,Western,Basic Boys,96.3
Kaski,Gandaki,Hill,Western,Secondary  Girls,84.3
Kaski,Gandaki,Hill,Western,Secondary  Boys,82.5
Kaski,Gandaki,Hill,Western,Higher secondary Girls,19.5
Kaski,Gandaki,Hill,Western,Higher secondary Boys,21.3
Kaski,Gandaki,Hill,Western,Secondary Girls,52.3
Kaski,Gandaki,Hill,Western,Secondary Boys,51.5
Kathmandu,Bagmati,Hill,Central,Primary Girls,97.3
Kathmandu,Bagmati,Hill,Central,Primary Boys,97.2
Kathmandu,Bagmati,Hill,Central,Lower secondary Girls,68.6
Kathmandu,Bagmati,Hill,Central,Lower secondary Boys,74.8
Kathmandu,Bagmati,Hill,Central,Basic Girls,86.3
Kathmandu,Bagmati,Hill,Central,Basic Boys,88.5
Kathmandu,Bagmati,Hill,Central,Secondary  Girls,59.7
Kathmandu,Bagmati,Hill,Central,Secondary  Boys,64.8
Kathmandu,Bagmati,Hill,Central,Higher secondary Girls,7.3
Kathmandu,Bagmati,Hill,Central,Higher secondary Boys,6.1
Kathmandu,Bagmati,Hill,Central,Secondary Girls,32.6
Kathmandu,Bagmati,Hill,Central,Secondary Boys,32.7
Kavre,Bagmati,Hill,Central,Primary Girls,97.1
Kavre,Bagmati,Hill,Central,Primary Boys,97.6
Kavre,Bagmati,Hill,Central,Lower secondary Girls,89.2
Kavre,Bagmati,Hill,Central,Lower secondary Boys,84.0
Kavre,Bagmati,Hill,Central,Basic Girls,94.4
Kavre,Bagmati,Hill,Central,Basic Boys,92.9
Kavre,Bagmati,Hill,Central,Secondary  Girls,62.6
Kavre,Bagmati,Hill,Central,Secondary  Boys,58.8
Kavre,Bagmati,Hill,Central,Higher secondary Girls,9.0
Kavre,Bagmati,Hill,Central,Higher secondary Boys,6.9
Kavre,Bagmati,Hill,Central,Secondary Girls,35.4
Kavre,Bagmati,Hill,Central,Secondary Boys,33.3
Khotang,Sagarmatha,Hill,Eastern,Primary Girls,96.9
Khotang,Sagarmatha,Hill,Eastern,Primary Boys,96.5
Khotang,Sagarmatha,Hill,Eastern,Lower secondary Girls,53.0
Khotang,Sagarmatha,Hill,Eastern,Lower secondary Boys,56.6
Khotang,Sagarmatha,Hill,Eastern,Basic Girls,81.8
Khotang,Sagarmatha,Hill,Eastern,Basic Boys,82.8
Khotang,Sagarmatha,Hill,Eastern,Secondary  Girls,50.0
Khotang,Sagarmatha,Hill,Eastern,Secondary  Boys,54.2
Khotang,Sagarmatha,Hill,Eastern,Higher secondary Girls,3.9
Khotang,Sagarmatha,Hill,Eastern,Higher secondary Boys,3.7
Khotang,Sagarmatha,Hill,Eastern,Secondary Girls,27.1
Khotang,Sagarmatha,Hill,Eastern,Secondary Boys,30.0
Lalitpur,Bagmati,Hill,Central,Primary Girls,98.7
Lalitpur,Bagmati,Hill,Central,Primary Boys,97.1
Lalitpur,Bagmati,Hill,Central,Lower secondary Girls,76.1
Lalitpur,Bagmati,Hill,Central,Lower secondary Boys,85.5
Lalitpur,Bagmati,Hill,Central,Basic Girls,91.0
Lalitpur,Bagmati,Hill,Central,Basic Boys,93.1
Lalitpur,Bagmati,Hill,Central,Secondary  Girls,90.0
Lalitpur,Bagmati,Hill,Central,Secondary  Boys,83.8
Lalitpur,Bagmati,Hill,Central,Higher secondary Girls,19.2
Lalitpur,Bagmati,Hill,Central,Higher secondary Boys,19.8
Lalitpur,Bagmati,Hill,Central,Secondary Girls,54.1
Lalitpur,Bagmati,Hill,Central,Secondary Boys,52.4
Lamjung,Gandaki,Hill,Western,Primary Girls,98.5
Lamjung,Gandaki,Hill,Western,Primary Boys,96.0
Lamjung,Gandaki,Hill,Western,Lower secondary Girls,90.3
Lamjung,Gandaki,Hill,Western,Lower secondary Boys,84.5
Lamjung,Gandaki,Hill,Western,Basic Girls,95.5
Lamjung,Gandaki,Hill,Western,Basic Boys,91.5
Lamjung,Gandaki,Hill,Western,Secondary  Girls,61.5
Lamjung,Gandaki,Hill,Western,Secondary  Boys,66.2
Lamjung,Gandaki,Hill,Western,Higher secondary Girls,14.8
Lamjung,Gandaki,Hill,Western,Higher secondary Boys,11.3
Lamjung,Gandaki,Hill,Western,Secondary Girls,38.5
Lamjung,Gandaki,Hill,Western,Secondary Boys,39.9
Mahottari,Janakpur,Terai,Central,Primary Girls,90.6
Mahottari,Janakpur,Terai,Central,Primary Boys,94.6
Mahottari,Janakpur,Terai,Central,Lower secondary Girls,52.9
Mahottari,Janakpur,Terai,Central,Lower secondary Boys,53.6
Mahottari,Janakpur,Terai,Central,Basic Girls,79.4
Mahottari,Janakpur,Terai,Central,Basic Boys,81.5
Mahottari,Janakpur,Terai,Central,Secondary  Girls,37.0
Mahottari,Janakpur,Terai,Central,Secondary  Boys,43.2
Mahottari,Janakpur,Terai,Central,Higher secondary Girls,4.6
Mahottari,Janakpur,Terai,Central,Higher secondary Boys,3.9
Mahottari,Janakpur,Terai,Central,Secondary Girls,20.9
Mahottari,Janakpur,Terai,Central,Secondary Boys,22.7
Makwanpur,Narayani,Hill,Central,Primary Girls,95.0
Makwanpur,Narayani,Hill,Central,Primary Boys,97.5
Makwanpur,Narayani,Hill,Central,Lower secondary Girls,79.1
Makwanpur,Narayani,Hill,Central,Lower secondary Boys,77.2
Makwanpur,Narayani,Hill,Central,Basic Girls,89.7
Makwanpur,Narayani,Hill,Central,Basic Boys,90.5
Makwanpur,Narayani,Hill,Central,Secondary  Girls,48.8
Makwanpur,Narayani,Hill,Central,Secondary  Boys,43.1
Makwanpur,Narayani,Hill,Central,Higher secondary Girls,9.9
Makwanpur,Narayani,Hill,Central,Higher secondary Boys,6.2
Makwanpur,Narayani,Hill,Central,Secondary Girls,29.3
Makwanpur,Narayani,Hill,Central,Secondary Boys,24.7
Manang,Gandaki,Mountain,Western,Primary Girls,40.1
Manang,Gandaki,Mountain,Western,Primary Boys,31.6
Manang,Gandaki,Mountain,Western,Lower secondary Girls,26.3
Manang,Gandaki,Mountain,Western,Lower secondary Boys,27.0
Manang,Gandaki,Mountain,Western,Basic Girls,34.8
Manang,Gandaki,Mountain,Western,Basic Boys,29.9
Manang,Gandaki,Mountain,Western,Secondary  Girls,21.4
Manang,Gandaki,Mountain,Western,Secondary  Boys,18.1
Manang,Gandaki,Mountain,Western,Higher secondary Girls,0.0
Manang,Gandaki,Mountain,Western,Higher secondary Boys,0.0
Manang,Gandaki,Mountain,Western,Secondary Girls,11.6
Manang,Gandaki,Mountain,Western,Secondary Boys,9.0
Morang,Kosi,Terai,Eastern,Primary Girls,97.1
Morang,Kosi,Terai,Eastern,Primary Boys,96.5
Morang,Kosi,Terai,Eastern,Lower secondary Girls,71.8
Morang,Kosi,Terai,Eastern,Lower secondary Boys,68.6
Morang,Kosi,Terai,Eastern,Basic Girls,87.8
Morang,Kosi,Terai,Eastern,Basic Boys,85.8
Morang,Kosi,Terai,Eastern,Secondary  Girls,52.6
Morang,Kosi,Terai,Eastern,Secondary  Boys,47.1
Morang,Kosi,Terai,Eastern,Higher secondary Girls,20.4
Morang,Kosi,Terai,Eastern,Higher secondary Boys,18.3
Morang,Kosi,Terai,Eastern,Secondary Girls,36.4
Morang,Kosi,Terai,Eastern,Secondary Boys,32.6
Mugu,Karnali,Mountain,Mid-Western,Primary Girls,93.1
Mugu,Karnali,Mountain,Mid-Western,Primary Boys,97.2
Mugu,Karnali,Mountain,Mid-Western,Lower secondary Girls,63.8
Mugu,Karnali,Mountain,Mid-Western,Lower secondary Boys,72.2
Mugu,Karnali,Mountain,Mid-Western,Basic Girls,84.7
Mugu,Karnali,Mountain,Mid-Western,Basic Boys,89.9
Mugu,Karnali,Mountain,Mid-Western,Secondary  Girls,46.9
Mugu,Karnali,Mountain,Mid-Western,Secondary  Boys,60.9
Mugu,Karnali,Mountain,Mid-Western,Higher secondary Girls,7.8
Mugu,Karnali,Mountain,Mid-Western,Higher secondary Boys,25.0
Mugu,Karnali,Mountain,Mid-Western,Secondary Girls,27.3
Mugu,Karnali,Mountain,Mid-Western,Secondary Boys,43.3
Mustang,Dhawalagiri,Mountain,Western,Primary Girls,84.8
Mustang,Dhawalagiri,Mountain,Western,Primary Boys,85.9
Mustang,Dhawalagiri,Mountain,Western,Lower secondary Girls,47.0
Mustang,Dhawalagiri,Mountain,Western,Lower secondary Boys,54.1
Mustang,Dhawalagiri,Mountain,Western,Basic Girls,70.7
Mustang,Dhawalagiri,Mountain,Western,Basic Boys,74.2
Mustang,Dhawalagiri,Mountain,Western,Secondary  Girls,28.8
Mustang,Dhawalagiri,Mountain,Western,Secondary  Boys,36.5
Mustang,Dhawalagiri,Mountain,Western,Higher secondary Girls,1.1
Mustang,Dhawalagiri,Mountain,Western,Higher secondary Boys,1.8
Mustang,Dhawalagiri,Mountain,Western,Secondary Girls,14.3
Mustang,Dhawalagiri,Mountain,Western,Secondary Boys,17.0
Myagdi,Dhawalagiri,Hill,Western,Primary Girls,96.6
Myagdi,Dhawalagiri,Hill,Western,Primary Boys,98.5
Myagdi,Dhawalagiri,Hill,Western,Lower secondary Girls,80.2
Myagdi,Dhawalagiri,Hill,Western,Lower secondary Boys,75.4
Myagdi,Dhawalagiri,Hill,Western,Basic Girls,90.8
Myagdi,Dhawalagiri,Hill,Western,Basic Boys,90.5
Myagdi,Dhawalagiri,Hill,Western,Secondary  Girls,51.9
Myagdi,Dhawalagiri,Hill,Western,Secondary  Boys,49.8
Myagdi,Dhawalagiri,Hill,Western,Higher secondary Girls,18.2
Myagdi,Dhawalagiri,Hill,Western,Higher secondary Boys,12.2
Myagdi,Dhawalagiri,Hill,Western,Secondary Girls,35.3
Myagdi,Dhawalagiri,Hill,Western,Secondary Boys,32.3
Nawalparasi,Lumbini,Terai,Western,Primary Girls,96.0
Nawalparasi,Lumbini,Terai,Western,Primary Boys,97.0
Nawalparasi,Lumbini,Terai,Western,Lower secondary Girls,74.5
Nawalparasi,Lumbini,Terai,Western,Lower secondary Boys,84.9
Nawalparasi,Lumbini,Terai,Western,Basic Girls,88.6
Nawalparasi,Lumbini,Terai,Western,Basic Boys,92.8
Nawalparasi,Lumbini,Terai,Western,Secondary  Girls,55.3
Nawalparasi,Lumbini,Terai,Western,Secondary  Boys,54.1
Nawalparasi,Lumbini,Terai,Western,Higher secondary Girls,6.6
Nawalparasi,Lumbini,Terai,Western,Higher secondary Boys,5.6
Nawalparasi,Lumbini,Terai,Western,Secondary Girls,30.7
Nawalparasi,Lumbini,Terai,Western,Secondary Boys,30.5
Nuwakot,Bagmati,Hill,Central,Primary Girls,96.9
Nuwakot,Bagmati,Hill,Central,Primary Boys,97.6
Nuwakot,Bagmati,Hill,Central,Lower secondary Girls,76.0
Nuwakot,Bagmati,Hill,Central,Lower secondary Boys,74.3
Nuwakot,Bagmati,Hill,Central,Basic Girls,89.7
Nuwakot,Bagmati,Hill,Central,Basic Boys,89.0
Nuwakot,Bagmati,Hill,Central,Secondary  Girls,61.3
Nuwakot,Bagmati,Hill,Central,Secondary  Boys,55.5
Nuwakot,Bagmati,Hill,Central,Higher secondary Girls,7.7
Nuwakot,Bagmati,Hill,Central,Higher secondary Boys,5.1
Nuwakot,Bagmati,Hill,Central,Secondary Girls,34.3
Nuwakot,Bagmati,Hill,Central,Secondary Boys,30.4
Okhaldhunga,Sagarmatha,Hill,Eastern,Primary Girls,96.8
Okhaldhunga,Sagarmatha,Hill,Eastern,Primary Boys,96.4
Okhaldhunga,Sagarmatha,Hill,Eastern,Lower secondary Girls,81.1
Okhaldhunga,Sagarmatha,Hill,Eastern,Lower secondary Boys,83.4
Okhaldhunga,Sagarmatha,Hill,Eastern,Basic Girls,91.4
Okhaldhunga,Sagarmatha,Hill,Eastern,Basic Boys,91.5
Okhaldhunga,Sagarmatha,Hill,Eastern,Secondary  Girls,62.1
Okhaldhunga,Sagarmatha,Hill,Eastern,Secondary  Boys,55.0
Okhaldhunga,Sagarmatha,Hill,Eastern,Higher secondary Girls,14.3
Okhaldhunga,Sagarmatha,Hill,Eastern,Higher secondary Boys,14.1
Okhaldhunga,Sagarmatha,Hill,Eastern,Secondary Girls,39.1
Okhaldhunga,Sagarmatha,Hill,Eastern,Secondary Boys,36.0
Palpa,Lumbini,Hill,Western,Primary Girls,97.6
Palpa,Lumbini,Hill,Western,Primary Boys,97.2
Palpa,Lumbini,Hill,Western,Lower secondary Girls,82.3
Palpa,Lumbini,Hill,Western,Lower secondary Boys,81.7
Palpa,Lumbini,Hill,Western,Basic Girls,92.5
Palpa,Lumbini,Hill,Western,Basic Boys,92.0
Palpa,Lumbini,Hill,Western,Secondary  Girls,58.4
Palpa,Lumbini,Hill,Western,Secondary  Boys,56.9
Palpa,Lumbini,Hill,Western,Higher secondary Girls,11.2
Palpa,Lumbini,Hill,Western,Higher secondary Boys,15.1
Palpa,Lumbini,Hill,Western,Secondary Girls,35.1
Palpa,Lumbini,Hill,Western,Secondary Boys,38.3
Panchthar,Mechi,Hill,Eastern,Primary Girls,96.5
Panchthar,Mechi,Hill,Eastern,Primary Boys,95.3
Panchthar,Mechi,Hill,Eastern,Lower secondary Girls,76.9
Panchthar,Mechi,Hill,Eastern,Lower secondary Boys,85.6
Panchthar,Mechi,Hill,Eastern,Basic Girls,89.7
Panchthar,Mechi,Hill,Eastern,Basic Boys,91.7
Panchthar,Mechi,Hill,Eastern,Secondary  Girls,66.6
Panchthar,Mechi,Hill,Eastern,Secondary  Boys,57.4
Panchthar,Mechi,Hill,Eastern,Higher secondary Girls,10.3
Panchthar,Mechi,Hill,Eastern,Higher secondary Boys,6.3
Panchthar,Mechi,Hill,Eastern,Secondary Girls,38.7
Panchthar,Mechi,Hill,Eastern,Secondary Boys,32.1
Parbat,Dhawalagiri,Hill,Western,Primary Girls,96.5
Parbat,Dhawalagiri,Hill,Western,Primary Boys,90.4
Parbat,Dhawalagiri,Hill,Western,Lower secondary Girls,93.3
Parbat,Dhawalagiri,Hill,Western,Lower secondary Boys,81.8
Parbat,Dhawalagiri,Hill,Western,Basic Girls,95.4
Parbat,Dhawalagiri,Hill,Western,Basic Boys,87.0
Parbat,Dhawalagiri,Hill,Western,Secondary  Girls,72.8
Parbat,Dhawalagiri,Hill,Western,Secondary  Boys,66.0
Parbat,Dhawalagiri,Hill,Western,Higher secondary Girls,19.1
Parbat,Dhawalagiri,Hill,Western,Higher secondary Boys,17.9
Parbat,Dhawalagiri,Hill,Western,Secondary Girls,45.7
Parbat,Dhawalagiri,Hill,Western,Secondary Boys,43.5
Parsa,Narayani,Terai,Central,Primary Girls,92.8
Parsa,Narayani,Terai,Central,Primary Boys,95.7
Parsa,Narayani,Terai,Central,Lower secondary Girls,46.4
Parsa,Narayani,Terai,Central,Lower secondary Boys,59.4
Parsa,Narayani,Terai,Central,Basic Girls,78.3
Parsa,Narayani,Terai,Central,Basic Boys,83.8
Parsa,Narayani,Terai,Central,Secondary  Girls,28.9
Parsa,Narayani,Terai,Central,Secondary  Boys,38.7
Parsa,Narayani,Terai,Central,Higher secondary Girls,2.2
Parsa,Narayani,Terai,Central,Higher secondary Boys,2.9
Parsa,Narayani,Terai,Central,Secondary Girls,15.7
Parsa,Narayani,Terai,Central,Secondary Boys,20.3
Pyuthan,Rapti,Hill,Mid-Western,Primary Girls,95.5
Pyuthan,Rapti,Hill,Mid-Western,Primary Boys,93.8
Pyuthan,Rapti,Hill,Mid-Western,Lower secondary Girls,80.4
Pyuthan,Rapti,Hill,Mid-Western,Lower secondary Boys,73.6
Pyuthan,Rapti,Hill,Mid-Western,Basic Girls,91.0
Pyuthan,Rapti,Hill,Mid-Western,Basic Boys,87.0
Pyuthan,Rapti,Hill,Mid-Western,Secondary  Girls,36.3
Pyuthan,Rapti,Hill,Mid-Western,Secondary  Boys,34.2
Pyuthan,Rapti,Hill,Mid-Western,Higher secondary Girls,8.5
Pyuthan,Rapti,Hill,Mid-Western,Higher secondary Boys,8.1
Pyuthan,Rapti,Hill,Mid-Western,Secondary Girls,21.8
Pyuthan,Rapti,Hill,Mid-Western,Secondary Boys,22.7
Ramechhap,Janakpur,Hill,Central,Primary Girls,96.4
Ramechhap,Janakpur,Hill,Central,Primary Boys,93.4
Ramechhap,Janakpur,Hill,Central,Lower secondary Girls,84.8
Ramechhap,Janakpur,Hill,Central,Lower secondary Boys,72.0
Ramechhap,Janakpur,Hill,Central,Basic Girls,92.5
Ramechhap,Janakpur,Hill,Central,Basic Boys,85.7
Ramechhap,Janakpur,Hill,Central,Secondary  Girls,57.4
Ramechhap,Janakpur,Hill,Central,Secondary  Boys,62.6
Ramechhap,Janakpur,Hill,Central,Higher secondary Girls,9.5
Ramechhap,Janakpur,Hill,Central,Higher secondary Boys,8.5
Ramechhap,Janakpur,Hill,Central,Secondary Girls,33.5
Ramechhap,Janakpur,Hill,Central,Secondary Boys,37.0
Rasuwa,Bagmati,Mountain,Central,Primary Girls,97.0
Rasuwa,Bagmati,Mountain,Central,Primary Boys,97.5
Rasuwa,Bagmati,Mountain,Central,Lower secondary Girls,78.6
Rasuwa,Bagmati,Mountain,Central,Lower secondary Boys,83.0
Rasuwa,Bagmati,Mountain,Central,Basic Girls,91.1
Rasuwa,Bagmati,Mountain,Central,Basic Boys,92.6
Rasuwa,Bagmati,Mountain,Central,Secondary  Girls,49.9
Rasuwa,Bagmati,Mountain,Central,Secondary  Boys,56.5
Rasuwa,Bagmati,Mountain,Central,Higher secondary Girls,10.5
Rasuwa,Bagmati,Mountain,Central,Higher secondary Boys,8.7
Rasuwa,Bagmati,Mountain,Central,Secondary Girls,29.1
Rasuwa,Bagmati,Mountain,Central,Secondary Boys,31.5
Rautahat,Narayani,Terai,Central,Primary Girls,90.7
Rautahat,Narayani,Terai,Central,Primary Boys,94.8
Rautahat,Narayani,Terai,Central,Lower secondary Girls,56.3
Rautahat,Narayani,Terai,Central,Lower secondary Boys,66.1
Rautahat,Narayani,Terai,Central,Basic Girls,79.9
Rautahat,Narayani,Terai,Central,Basic Boys,85.2
Rautahat,Narayani,Terai,Central,Secondary  Girls,37.9
Rautahat,Narayani,Terai,Central,Secondary  Boys,46.4
Rautahat,Narayani,Terai,Central,Higher secondary Girls,10.3
Rautahat,Narayani,Terai,Central,Higher secondary Boys,12.8
Rautahat,Narayani,Terai,Central,Secondary Girls,24.0
Rautahat,Narayani,Terai,Central,Secondary Boys,29.1
Rolpa,Rapti,Hill,Mid-Western,Primary Girls,92.3
Rolpa,Rapti,Hill,Mid-Western,Primary Boys,96.1
Rolpa,Rapti,Hill,Mid-Western,Lower secondary Girls,50.6
Rolpa,Rapti,Hill,Mid-Western,Lower secondary Boys,68.6
Rolpa,Rapti,Hill,Mid-Western,Basic Girls,78.7
Rolpa,Rapti,Hill,Mid-Western,Basic Boys,87.2
Rolpa,Rapti,Hill,Mid-Western,Secondary  Girls,41.6
Rolpa,Rapti,Hill,Mid-Western,Secondary  Boys,47.9
Rolpa,Rapti,Hill,Mid-Western,Higher secondary Girls,5.6
Rolpa,Rapti,Hill,Mid-Western,Higher secondary Boys,5.2
Rolpa,Rapti,Hill,Mid-Western,Secondary Girls,23.3
Rolpa,Rapti,Hill,Mid-Western,Secondary Boys,27.3
Rukum,Rapti,Hill,Mid-Western,Primary Girls,94.9
Rukum,Rapti,Hill,Mid-Western,Primary Boys,96.6
Rukum,Rapti,Hill,Mid-Western,Lower secondary Girls,73.8
Rukum,Rapti,Hill,Mid-Western,Lower secondary Boys,70.0
Rukum,Rapti,Hill,Mid-Western,Basic Girls,88.9
Rukum,Rapti,Hill,Mid-Western,Basic Boys,88.8
Rukum,Rapti,Hill,Mid-Western,Secondary  Girls,60.0
Rukum,Rapti,Hill,Mid-Western,Secondary  Boys,56.3
Rukum,Rapti,Hill,Mid-Western,Higher secondary Girls,7.2
Rukum,Rapti,Hill,Mid-Western,Higher secondary Boys,6.8
Rukum,Rapti,Hill,Mid-Western,Secondary Girls,33.1
Rukum,Rapti,Hill,Mid-Western,Secondary Boys,31.2
Rupandehi,Lumbini,Terai,Western,Primary Girls,91.2
Rupandehi,Lumbini,Terai,Western,Primary Boys,94.9
Rupandehi,Lumbini,Terai,Western,Lower secondary Girls,71.1
Rupandehi,Lumbini,Terai,Western,Lower secondary Boys,72.2
Rupandehi,Lumbini,Terai,Western,Basic Girls,84.4
Rupandehi,Lumbini,Terai,Western,Basic Boys,87.3
Rupandehi,Lumbini,Terai,Western,Secondary  Girls,48.0
Rupandehi,Lumbini,Terai,Western,Secondary  Boys,51.9
Rupandehi,Lumbini,Terai,Western,Higher secondary Girls,10.2
Rupandehi,Lumbini,Terai,Western,Higher secondary Boys,11.2
Rupandehi,Lumbini,Terai,Western,Secondary Girls,29.1
Rupandehi,Lumbini,Terai,Western,Secondary Boys,31.2
Salyan,Rapti,Hill,Mid-Western,Primary Girls,94.3
Salyan,Rapti,Hill,Mid-Western,Primary Boys,97.2
Salyan,Rapti,Hill,Mid-Western,Lower secondary Girls,75.0
Salyan,Rapti,Hill,Mid-Western,Lower secondary Boys,80.8
Salyan,Rapti,Hill,Mid-Western,Basic Girls,88.0
Salyan,Rapti,Hill,Mid-Western,Basic Boys,91.8
Salyan,Rapti,Hill,Mid-Western,Secondary  Girls,52.3
Salyan,Rapti,Hill,Mid-Western,Secondary  Boys,58.4
Salyan,Rapti,Hill,Mid-Western,Higher secondary Girls,8.7
Salyan,Rapti,Hill,Mid-Western,Higher secondary Boys,12.2
Salyan,Rapti,Hill,Mid-Western,Secondary Girls,30.0
Salyan,Rapti,Hill,Mid-Western,Secondary Boys,35.4
Sankhuwasabha,Kosi,Mountain,Eastern,Primary Girls,93.6
Sankhuwasabha,Kosi,Mountain,Eastern,Primary Boys,95.7
Sankhuwasabha,Kosi,Mountain,Eastern,Lower secondary Girls,69.9
Sankhuwasabha,Kosi,Mountain,Eastern,Lower secondary Boys,73.6
Sankhuwasabha,Kosi,Mountain,Eastern,Basic Girls,85.1
Sankhuwasabha,Kosi,Mountain,Eastern,Basic Boys,88.0
Sankhuwasabha,Kosi,Mountain,Eastern,Secondary  Girls,56.2
Sankhuwasabha,Kosi,Mountain,Eastern,Secondary  Boys,55.7
Sankhuwasabha,Kosi,Mountain,Eastern,Higher secondary Girls,10.5
Sankhuwasabha,Kosi,Mountain,Eastern,Higher secondary Boys,9.6
Sankhuwasabha,Kosi,Mountain,Eastern,Secondary Girls,34.2
Sankhuwasabha,Kosi,Mountain,Eastern,Secondary Boys,33.7
Saptari,Sagarmatha,Terai,Eastern,Primary Girls,82.3
Saptari,Sagarmatha,Terai,Eastern,Primary Boys,88.6
Saptari,Sagarmatha,Terai,Eastern,Lower secondary Girls,63.5
Saptari,Sagarmatha,Terai,Eastern,Lower secondary Boys,62.8
Saptari,Sagarmatha,Terai,Eastern,Basic Girls,76.2
Saptari,Sagarmatha,Terai,Eastern,Basic Boys,80.0
Saptari,Sagarmatha,Terai,Eastern,Secondary  Girls,43.4
Saptari,Sagarmatha,Terai,Eastern,Secondary  Boys,45.0
Saptari,Sagarmatha,Terai,Eastern,Higher secondary Girls,7.7
Saptari,Sagarmatha,Terai,Eastern,Higher secondary Boys,5.7
Saptari,Sagarmatha,Terai,Eastern,Secondary Girls,25.3
Saptari,Sagarmatha,Terai,Eastern,Secondary Boys,24.8
Sarlahi,Janakpur,Terai,Central,Primary Girls,90.8
Sarlahi,Janakpur,Terai,Central,Primary Boys,94.8
Sarlahi,Janakpur,Terai,Central,Lower secondary Girls,44.4
Sarlahi,Janakpur,Terai,Central,Lower secondary Boys,47.9
Sarlahi,Janakpur,Terai,Central,Basic Girls,76.9
Sarlahi,Janakpur,Terai,Central,Basic Boys,79.8
Sarlahi,Janakpur,Terai,Central,Secondary  Girls,34.3
Sarlahi,Janakpur,Terai,Central,Secondary  Boys,38.4
Sarlahi,Janakpur,Terai,Central,Higher secondary Girls,7.2
Sarlahi,Janakpur,Terai,Central,Higher secondary Boys,5.7
Sarlahi,Janakpur,Terai,Central,Secondary Girls,20.8
Sarlahi,Janakpur,Terai,Central,Secondary Boys,21.5
Sindhuli,Janakpur,Hill,Central,Primary Girls,97.5
Sindhuli,Janakpur,Hill,Central,Primary Boys,96.7
Sindhuli,Janakpur,Hill,Central,Lower secondary Girls,69.9
Sindhuli,Janakpur,Hill,Central,Lower secondary Boys,69.0
Sindhuli,Janakpur,Hill,Central,Basic Girls,88.2
Sindhuli,Janakpur,Hill,Central,Basic Boys,87.3
Sindhuli,Janakpur,Hill,Central,Secondary  Girls,48.1
Sindhuli,Janakpur,Hill,Central,Secondary  Boys,53.4
Sindhuli,Janakpur,Hill,Central,Higher secondary Girls,15.3
Sindhuli,Janakpur,Hill,Central,Higher secondary Boys,14.9
Sindhuli,Janakpur,Hill,Central,Secondary Girls,32.1
Sindhuli,Janakpur,Hill,Central,Secondary Boys,35.2
Sindhupalchok,Bagmati,Mountain,Central,Primary Girls,92.5
Sindhupalchok,Bagmati,Mountain,Central,Primary Boys,93.6
Sindhupalchok,Bagmati,Mountain,Central,Lower secondary Girls,56.2
Sindhupalchok,Bagmati,Mountain,Central,Lower secondary Boys,68.0
Sindhupalchok,Bagmati,Mountain,Central,Basic Girls,79.9
Sindhupalchok,Bagmati,Mountain,Central,Basic Boys,85.1
Sindhupalchok,Bagmati,Mountain,Central,Secondary  Girls,51.5
Sindhupalchok,Bagmati,Mountain,Central,Secondary  Boys,53.3
Sindhupalchok,Bagmati,Mountain,Central,Higher secondary Girls,11.6
Sindhupalchok,Bagmati,Mountain,Central,Higher secondary Boys,9.4
Sindhupalchok,Bagmati,Mountain,Central,Secondary Girls,31.5
Sindhupalchok,Bagmati,Mountain,Central,Secondary Boys,31.7
Siraha,Sagarmatha,Terai,Eastern,Primary Girls,91.7
Siraha,Sagarmatha,Terai,Eastern,Primary Boys,92.7
Siraha,Sagarmatha,Terai,Eastern,Lower secondary Girls,54.2
Siraha,Sagarmatha,Terai,Eastern,Lower secondary Boys,59.9
Siraha,Sagarmatha,Terai,Eastern,Basic Girls,79.6
Siraha,Sagarmatha,Terai,Eastern,Basic Boys,81.7
Siraha,Sagarmatha,Terai,Eastern,Secondary  Girls,37.9
Siraha,Sagarmatha,Terai,Eastern,Secondary  Boys,46.0
Siraha,Sagarmatha,Terai,Eastern,Higher secondary Girls,6.9
Siraha,Sagarmatha,Terai,Eastern,Higher secondary Boys,7.5
Siraha,Sagarmatha,Terai,Eastern,Secondary Girls,22.5
Siraha,Sagarmatha,Terai,Eastern,Secondary Boys,26.4
Solukhumbu,Sagarmatha,Mountain,Eastern,Primary Girls,91.1
Solukhumbu,Sagarmatha,Mountain,Eastern,Primary Boys,96.3
Solukhumbu,Sagarmatha,Mountain,Eastern,Lower secondary Girls,71.4
Solukhumbu,Sagarmatha,Mountain,Eastern,Lower secondary Boys,82.0
Solukhumbu,Sagarmatha,Mountain,Eastern,Basic Girls,84.2
Solukhumbu,Sagarmatha,Mountain,Eastern,Basic Boys,91.5
Solukhumbu,Sagarmatha,Mountain,Eastern,Secondary  Girls,54.1
Solukhumbu,Sagarmatha,Mountain,Eastern,Secondary  Boys,51.1
Solukhumbu,Sagarmatha,Mountain,Eastern,Higher secondary Girls,11.0
Solukhumbu,Sagarmatha,Mountain,Eastern,Higher secondary Boys,8.5
Solukhumbu,Sagarmatha,Mountain,Eastern,Secondary Girls,33.1
Solukhumbu,Sagarmatha,Mountain,Eastern,Secondary Boys,30.6
Sunsari,Kosi,Terai,Eastern,Primary Girls,95.8
Sunsari,Kosi,Terai,Eastern,Primary Boys,95.2
Sunsari,Kosi,Terai,Eastern,Lower secondary Girls,75.3
Sunsari,Kosi,Terai,Eastern,Lower secondary Boys,70.1
Sunsari,Kosi,Terai,Eastern,Basic Girls,88.7
Sunsari,Kosi,Terai,Eastern,Basic Boys,86.6
Sunsari,Kosi,Terai,Eastern,Secondary  Girls,59.4
Sunsari,Kosi,Terai,Eastern,Secondary  Boys,59.6
Sunsari,Kosi,Terai,Eastern,Higher secondary Girls,9.9
Sunsari,Kosi,Terai,Eastern,Higher secondary Boys,8.8
Sunsari,Kosi,Terai,Eastern,Secondary Girls,34.2
Sunsari,Kosi,Terai,Eastern,Secondary Boys,33.6
Surkhet,Bheri,Hill,Mid-Western,Primary Girls,96.9
Surkhet,Bheri,Hill,Mid-Western,Primary Boys,97.4
Surkhet,Bheri,Hill,Mid-Western,Lower secondary Girls,91.8
Surkhet,Bheri,Hill,Mid-Western,Lower secondary Boys,73.6
Surkhet,Bheri,Hill,Mid-Western,Basic Girls,95.1
Surkhet,Bheri,Hill,Mid-Western,Basic Boys,89.0
Surkhet,Bheri,Hill,Mid-Western,Secondary  Girls,61.2
Surkhet,Bheri,Hill,Mid-Western,Secondary  Boys,62.4
Surkhet,Bheri,Hill,Mid-Western,Higher secondary Girls,12.4
Surkhet,Bheri,Hill,Mid-Western,Higher secondary Boys,17.4
Surkhet,Bheri,Hill,Mid-Western,Secondary Girls,36.9
Surkhet,Bheri,Hill,Mid-Western,Secondary Boys,40.8
Syangja,Gandaki,Hill,Western,Primary Girls,95.2
Syangja,Gandaki,Hill,Western,Primary Boys,91.0
Syangja,Gandaki,Hill,Western,Lower secondary Girls,84.5
Syangja,Gandaki,Hill,Western,Lower secondary Boys,93.4
Syangja,Gandaki,Hill,Western,Basic Girls,91.0
Syangja,Gandaki,Hill,Western,Basic Boys,91.9
Syangja,Gandaki,Hill,Western,Secondary  Girls,78.3
Syangja,Gandaki,Hill,Western,Secondary  Boys,71.1
Syangja,Gandaki,Hill,Western,Higher secondary Girls,21.4
Syangja,Gandaki,Hill,Western,Higher secondary Boys,19.1
Syangja,Gandaki,Hill,Western,Secondary Girls,49.8
Syangja,Gandaki,Hill,Western,Secondary Boys,46.9
Tanahu,Gandaki,Hill,Western,Primary Girls,96.1
Tanahu,Gandaki,Hill,Western,Primary Boys,97.2
Tanahu,Gandaki,Hill,Western,Lower secondary Girls,86.8
Tanahu,Gandaki,Hill,Western,Lower secondary Boys,75.1
Tanahu,Gandaki,Hill,Western,Basic Girls,92.8
Tanahu,Gandaki,Hill,Western,Basic Boys,89.6
Tanahu,Gandaki,Hill,Western,Secondary  Girls,73.6
Tanahu,Gandaki,Hill,Western,Secondary  Boys,63.2
Tanahu,Gandaki,Hill,Western,Higher secondary Girls,10.7
Tanahu,Gandaki,Hill,Western,Higher secondary Boys,8.8
Tanahu,Gandaki,Hill,Western,Secondary Girls,43.5
Tanahu,Gandaki,Hill,Western,Secondary Boys,38.4
Taplejung,Mechi,Mountain,Eastern,Primary Girls,95.9
Taplejung,Mechi,Mountain,Eastern,Primary Boys,96.7
Taplejung,Mechi,Mountain,Eastern,Lower secondary Girls,79.7
Taplejung,Mechi,Mountain,Eastern,Lower secondary Boys,76.9
Taplejung,Mechi,Mountain,Eastern,Basic Girls,90.1
Taplejung,Mechi,Mountain,Eastern,Basic Boys,89.5
Taplejung,Mechi,Mountain,Eastern,Secondary  Girls,59.8
Taplejung,Mechi,Mountain,Eastern,Secondary  Boys,62.8
Taplejung,Mechi,Mountain,Eastern,Higher secondary Girls,18.3
Taplejung,Mechi,Mountain,Eastern,Higher secondary Boys,14.7
Taplejung,Mechi,Mountain,Eastern,Secondary Girls,39.5
Taplejung,Mechi,Mountain,Eastern,Secondary Boys,39.1
Terhathum,Kosi,Hill,Eastern,Primary Girls,95.7
Terhathum,Kosi,Hill,Eastern,Primary Boys,97.2
Terhathum,Kosi,Hill,Eastern,Lower secondary Girls,86.9
Terhathum,Kosi,Hill,Eastern,Lower secondary Boys,86.3
Terhathum,Kosi,Hill,Eastern,Basic Girls,92.3
Terhathum,Kosi,Hill,Eastern,Basic Boys,92.9
Terhathum,Kosi,Hill,Eastern,Secondary  Girls,65.8
Terhathum,Kosi,Hill,Eastern,Secondary  Boys,68.3
Terhathum,Kosi,Hill,Eastern,Higher secondary Girls,16.6
Terhathum,Kosi,Hill,Eastern,Higher secondary Boys,13.2
Terhathum,Kosi,Hill,Eastern,Secondary Girls,41.4
Terhathum,Kosi,Hill,Eastern,Secondary Boys,40.6
Udayapur,Sagarmatha,Hill,Eastern,Primary Girls,95.4
Udayapur,Sagarmatha,Hill,Eastern,Primary Boys,96.4
Udayapur,Sagarmatha,Hill,Eastern,Lower secondary Girls,91.8
Udayapur,Sagarmatha,Hill,Eastern,Lower secondary Boys,87.8
Udayapur,Sagarmatha,Hill,Eastern,Basic Girls,94.2
Udayapur,Sagarmatha,Hill,Eastern,Basic Boys,93.5
Udayapur,Sagarmatha,Hill,Eastern,Secondary  Girls,66.0
Udayapur,Sagarmatha,Hill,Eastern,Secondary  Boys,65.0
Udayapur,Sagarmatha,Hill,Eastern,Higher secondary Girls,18.6
Udayapur,Sagarmatha,Hill,Eastern,Higher secondary Boys,12.5
Udayapur,Sagarmatha,Hill,Eastern,Secondary Girls,42.7
Udayapur,Sagarmatha,Hill,Eastern,Secondary Boys,39.5
