District Name,Zone,Geographical Region,Development Region,Grade,Number of School
Achham,Seti,Hill,Far-Western,1.0,0.0
Achham,Seti,Hill,Far-Western,(1-2),1.0
Achham,Seti,Hill,Far-Western,(1-3),1.0
Achham,Seti,Hill,Far-Western,(1-4),2.0
Achham,Seti,Hill,Far-Western,(1-5),5.0
Achham,Seti,Hill,Far-Western,(1-6),0.0
Achham,Seti,Hill,Far-Western,(1-7),1.0
Achham,Seti,Hill,Far-Western,(1-8),3.0
Achham,Seti,Hill,Far-Western,(1-9),0.0
Achham,Seti,Hill,Far-Western,(1-10),0.0
Achham,Seti,Hill,Far-Western,(1-11),0.0
Achham,Seti,Hill,Far-Western,(1-12),0.0
Achham,Seti,Hill,Far-Western,(6-7),0.0
Achham,Seti,Hill,Far-Western,(6-8),0.0
Achham,Seti,Hill,Far-Western,(6-9),0.0
Achham,Seti,Hill,Far-Western,(6-10),0.0
Achham,Seti,Hill,Far-Western,(6-11),0.0
Achham,Seti,Hill,Far-Western,(6-12),0.0
Achham,Seti,Hill,Far-Western,(9-10),0.0
Achham,Seti,Hill,Far-Western,(9-11),0.0
Achham,Seti,Hill,Far-Western,(9-12),0.0
Achham,Seti,Hill,Far-Western,(11-12),1.0
Arghakhanchi,Lumbini,Hill,Western,1.0,0.0
Arghakhanchi,Lumbini,Hill,Western,(1-2),1.0
Arghakhanchi,Lumbini,Hill,Western,(1-3),1.0
Arghakhanchi,Lumbini,Hill,Western,(1-4),4.0
Arghakhanchi,Lumbini,Hill,Western,(1-5),20.0
Arghakhanchi,Lumbini,Hill,Western,(1-6),0.0
Arghakhanchi,Lumbini,Hill,Western,(1-7),0.0
Arghakhanchi,Lumbini,Hill,Western,(1-8),0.0
Arghakhanchi,Lumbini,Hill,Western,(1-9),1.0
Arghakhanchi,Lumbini,Hill,Western,(1-10),9.0
Arghakhanchi,Lumbini,Hill,Western,(1-11),0.0
Arghakhanchi,Lumbini,Hill,Western,(1-12),1.0
Arghakhanchi,Lumbini,Hill,Western,(6-7),0.0
Arghakhanchi,Lumbini,Hill,Western,(6-8),0.0
Arghakhanchi,Lumbini,Hill,Western,(6-9),0.0
Arghakhanchi,Lumbini,Hill,Western,(6-10),0.0
Arghakhanchi,Lumbini,Hill,Western,(6-11),0.0
Arghakhanchi,Lumbini,Hill,Western,(6-12),0.0
Arghakhanchi,Lumbini,Hill,Western,(9-10),0.0
Arghakhanchi,Lumbini,Hill,Western,(9-11),0.0
Arghakhanchi,Lumbini,Hill,Western,(9-12),0.0
Arghakhanchi,Lumbini,Hill,Western,(11-12),2.0
Baglung,Dhawalagiri,Hill,Western,1.0,0.0
Baglung,Dhawalagiri,Hill,Western,(1-2),0.0
Baglung,Dhawalagiri,Hill,Western,(1-3),6.0
Baglung,Dhawalagiri,Hill,Western,(1-4),1.0
Baglung,Dhawalagiri,Hill,Western,(1-5),12.0
Baglung,Dhawalagiri,Hill,Western,(1-6),8.0
Baglung,Dhawalagiri,Hill,Western,(1-7),7.0
Baglung,Dhawalagiri,Hill,Western,(1-8),6.0
Baglung,Dhawalagiri,Hill,Western,(1-9),8.0
Baglung,Dhawalagiri,Hill,Western,(1-10),8.0
Baglung,Dhawalagiri,Hill,Western,(1-11),1.0
Baglung,Dhawalagiri,Hill,Western,(1-12),9.0
Baglung,Dhawalagiri,Hill,Western,(6-7),0.0
Baglung,Dhawalagiri,Hill,Western,(6-8),0.0
Baglung,Dhawalagiri,Hill,Western,(6-9),0.0
Baglung,Dhawalagiri,Hill,Western,(6-10),0.0
Baglung,Dhawalagiri,Hill,Western,(6-11),0.0
Baglung,Dhawalagiri,Hill,Western,(6-12),0.0
Baglung,Dhawalagiri,Hill,Western,(9-10),0.0
Baglung,Dhawalagiri,Hill,Western,(9-11),0.0
Baglung,Dhawalagiri,Hill,Western,(9-12),0.0
Baglung,Dhawalagiri,Hill,Western,(11-12),0.0
Baitadi,Mahakali,Hill,Far-Western,1.0,0.0
Baitadi,Mahakali,Hill,Far-Western,(1-2),1.0
Baitadi,Mahakali,Hill,Far-Western,(1-3),1.0
Baitadi,Mahakali,Hill,Far-Western,(1-4),0.0
Baitadi,Mahakali,Hill,Far-Western,(1-5),6.0
Baitadi,Mahakali,Hill,Far-Western,(1-6),0.0
Baitadi,Mahakali,Hill,Far-Western,(1-7),0.0
Baitadi,Mahakali,Hill,Far-Western,(1-8),3.0
Baitadi,Mahakali,Hill,Far-Western,(1-9),1.0
Baitadi,Mahakali,Hill,Far-Western,(1-10),3.0
Baitadi,Mahakali,Hill,Far-Western,(1-11),0.0
Baitadi,Mahakali,Hill,Far-Western,(1-12),0.0
Baitadi,Mahakali,Hill,Far-Western,(6-7),0.0
Baitadi,Mahakali,Hill,Far-Western,(6-8),0.0
Baitadi,Mahakali,Hill,Far-Western,(6-9),0.0
Baitadi,Mahakali,Hill,Far-Western,(6-10),0.0
Baitadi,Mahakali,Hill,Far-Western,(6-11),0.0
Baitadi,Mahakali,Hill,Far-Western,(6-12),0.0
Baitadi,Mahakali,Hill,Far-Western,(9-10),0.0
Baitadi,Mahakali,Hill,Far-Western,(9-11),0.0
Baitadi,Mahakali,Hill,Far-Western,(9-12),0.0
Baitadi,Mahakali,Hill,Far-Western,(11-12),1.0
Bajhang,Seti,Mountain,Far-Western,1.0,2.0
Bajhang,Seti,Mountain,Far-Western,(1-2),0.0
Bajhang,Seti,Mountain,Far-Western,(1-3),2.0
Bajhang,Seti,Mountain,Far-Western,(1-4),2.0
Bajhang,Seti,Mountain,Far-Western,(1-5),0.0
Bajhang,Seti,Mountain,Far-Western,(1-6),1.0
Bajhang,Seti,Mountain,Far-Western,(1-7),2.0
Bajhang,Seti,Mountain,Far-Western,(1-8),2.0
Bajhang,Seti,Mountain,Far-Western,(1-9),0.0
Bajhang,Seti,Mountain,Far-Western,(1-10),0.0
Bajhang,Seti,Mountain,Far-Western,(1-11),0.0
Bajhang,Seti,Mountain,Far-Western,(1-12),0.0
Bajhang,Seti,Mountain,Far-Western,(6-7),0.0
Bajhang,Seti,Mountain,Far-Western,(6-8),0.0
Bajhang,Seti,Mountain,Far-Western,(6-9),0.0
Bajhang,Seti,Mountain,Far-Western,(6-10),0.0
Bajhang,Seti,Mountain,Far-Western,(6-11),0.0
Bajhang,Seti,Mountain,Far-Western,(6-12),0.0
Bajhang,Seti,Mountain,Far-Western,(9-10),0.0
Bajhang,Seti,Mountain,Far-Western,(9-11),0.0
Bajhang,Seti,Mountain,Far-Western,(9-12),0.0
Bajhang,Seti,Mountain,Far-Western,(11-12),1.0
Bajura,Seti,Mountain,Far-Western,1.0,0.0
Bajura,Seti,Mountain,Far-Western,(1-2),1.0
Bajura,Seti,Mountain,Far-Western,(1-3),7.0
Bajura,Seti,Mountain,Far-Western,(1-4),2.0
Bajura,Seti,Mountain,Far-Western,(1-5),7.0
Bajura,Seti,Mountain,Far-Western,(1-6),0.0
Bajura,Seti,Mountain,Far-Western,(1-7),0.0
Bajura,Seti,Mountain,Far-Western,(1-8),1.0
Bajura,Seti,Mountain,Far-Western,(1-9),1.0
Bajura,Seti,Mountain,Far-Western,(1-10),2.0
Bajura,Seti,Mountain,Far-Western,(1-11),0.0
Bajura,Seti,Mountain,Far-Western,(1-12),0.0
Bajura,Seti,Mountain,Far-Western,(6-7),0.0
Bajura,Seti,Mountain,Far-Western,(6-8),0.0
Bajura,Seti,Mountain,Far-Western,(6-9),0.0
Bajura,Seti,Mountain,Far-Western,(6-10),0.0
Bajura,Seti,Mountain,Far-Western,(6-11),0.0
Bajura,Seti,Mountain,Far-Western,(6-12),0.0
Bajura,Seti,Mountain,Far-Western,(9-10),0.0
Bajura,Seti,Mountain,Far-Western,(9-11),0.0
Bajura,Seti,Mountain,Far-Western,(9-12),0.0
Bajura,Seti,Mountain,Far-Western,(11-12),0.0
Banke,Bheri,Terai,Mid-Western,1.0,1.0
Banke,Bheri,Terai,Mid-Western,(1-2),4.0
Banke,Bheri,Terai,Mid-Western,(1-3),0.0
Banke,Bheri,Terai,Mid-Western,(1-4),2.0
Banke,Bheri,Terai,Mid-Western,(1-5),20.0
Banke,Bheri,Terai,Mid-Western,(1-6),5.0
Banke,Bheri,Terai,Mid-Western,(1-7),1.0
Banke,Bheri,Terai,Mid-Western,(1-8),5.0
Banke,Bheri,Terai,Mid-Western,(1-9),10.0
Banke,Bheri,Terai,Mid-Western,(1-10),39.0
Banke,Bheri,Terai,Mid-Western,(1-11),0.0
Banke,Bheri,Terai,Mid-Western,(1-12),15.0
Banke,Bheri,Terai,Mid-Western,(6-7),0.0
Banke,Bheri,Terai,Mid-Western,(6-8),0.0
Banke,Bheri,Terai,Mid-Western,(6-9),0.0
Banke,Bheri,Terai,Mid-Western,(6-10),0.0
Banke,Bheri,Terai,Mid-Western,(6-11),0.0
Banke,Bheri,Terai,Mid-Western,(6-12),0.0
Banke,Bheri,Terai,Mid-Western,(9-10),0.0
Banke,Bheri,Terai,Mid-Western,(9-11),0.0
Banke,Bheri,Terai,Mid-Western,(9-12),0.0
Banke,Bheri,Terai,Mid-Western,(11-12),4.0
Bara,Narayani,Terai,Central,1.0,0.0
Bara,Narayani,Terai,Central,(1-2),0.0
Bara,Narayani,Terai,Central,(1-3),0.0
Bara,Narayani,Terai,Central,(1-4),1.0
Bara,Narayani,Terai,Central,(1-5),2.0
Bara,Narayani,Terai,Central,(1-6),0.0
Bara,Narayani,Terai,Central,(1-7),0.0
Bara,Narayani,Terai,Central,(1-8),2.0
Bara,Narayani,Terai,Central,(1-9),0.0
Bara,Narayani,Terai,Central,(1-10),4.0
Bara,Narayani,Terai,Central,(1-11),0.0
Bara,Narayani,Terai,Central,(1-12),5.0
Bara,Narayani,Terai,Central,(6-7),0.0
Bara,Narayani,Terai,Central,(6-8),0.0
Bara,Narayani,Terai,Central,(6-9),0.0
Bara,Narayani,Terai,Central,(6-10),0.0
Bara,Narayani,Terai,Central,(6-11),0.0
Bara,Narayani,Terai,Central,(6-12),0.0
Bara,Narayani,Terai,Central,(9-10),0.0
Bara,Narayani,Terai,Central,(9-11),0.0
Bara,Narayani,Terai,Central,(9-12),0.0
Bara,Narayani,Terai,Central,(11-12),2.0
Bardiya,Bheri,Terai,Mid-Western,1.0,0.0
Bardiya,Bheri,Terai,Mid-Western,(1-2),0.0
Bardiya,Bheri,Terai,Mid-Western,(1-3),0.0
Bardiya,Bheri,Terai,Mid-Western,(1-4),2.0
Bardiya,Bheri,Terai,Mid-Western,(1-5),27.0
Bardiya,Bheri,Terai,Mid-Western,(1-6),4.0
Bardiya,Bheri,Terai,Mid-Western,(1-7),1.0
Bardiya,Bheri,Terai,Mid-Western,(1-8),9.0
Bardiya,Bheri,Terai,Mid-Western,(1-9),3.0
Bardiya,Bheri,Terai,Mid-Western,(1-10),11.0
Bardiya,Bheri,Terai,Mid-Western,(1-11),0.0
Bardiya,Bheri,Terai,Mid-Western,(1-12),2.0
Bardiya,Bheri,Terai,Mid-Western,(6-7),0.0
Bardiya,Bheri,Terai,Mid-Western,(6-8),0.0
Bardiya,Bheri,Terai,Mid-Western,(6-9),0.0
Bardiya,Bheri,Terai,Mid-Western,(6-10),0.0
Bardiya,Bheri,Terai,Mid-Western,(6-11),0.0
Bardiya,Bheri,Terai,Mid-Western,(6-12),0.0
Bardiya,Bheri,Terai,Mid-Western,(9-10),0.0
Bardiya,Bheri,Terai,Mid-Western,(9-11),0.0
Bardiya,Bheri,Terai,Mid-Western,(9-12),0.0
Bardiya,Bheri,Terai,Mid-Western,(11-12),1.0
Bhaktapur,Bagmati,Hill,Central,1.0,0.0
Bhaktapur,Bagmati,Hill,Central,(1-2),0.0
Bhaktapur,Bagmati,Hill,Central,(1-3),1.0
Bhaktapur,Bagmati,Hill,Central,(1-4),1.0
Bhaktapur,Bagmati,Hill,Central,(1-5),19.0
Bhaktapur,Bagmati,Hill,Central,(1-6),10.0
Bhaktapur,Bagmati,Hill,Central,(1-7),9.0
Bhaktapur,Bagmati,Hill,Central,(1-8),14.0
Bhaktapur,Bagmati,Hill,Central,(1-9),9.0
Bhaktapur,Bagmati,Hill,Central,(1-10),115.0
Bhaktapur,Bagmati,Hill,Central,(1-11),0.0
Bhaktapur,Bagmati,Hill,Central,(1-12),13.0
Bhaktapur,Bagmati,Hill,Central,(6-7),0.0
Bhaktapur,Bagmati,Hill,Central,(6-8),0.0
Bhaktapur,Bagmati,Hill,Central,(6-9),0.0
Bhaktapur,Bagmati,Hill,Central,(6-10),2.0
Bhaktapur,Bagmati,Hill,Central,(6-11),0.0
Bhaktapur,Bagmati,Hill,Central,(6-12),0.0
Bhaktapur,Bagmati,Hill,Central,(9-10),2.0
Bhaktapur,Bagmati,Hill,Central,(9-11),0.0
Bhaktapur,Bagmati,Hill,Central,(9-12),0.0
Bhaktapur,Bagmati,Hill,Central,(11-12),27.0
Bhojpur,Kosi,Hill,Eastern,1.0,0.0
Bhojpur,Kosi,Hill,Eastern,(1-2),6.0
Bhojpur,Kosi,Hill,Eastern,(1-3),1.0
Bhojpur,Kosi,Hill,Eastern,(1-4),1.0
Bhojpur,Kosi,Hill,Eastern,(1-5),3.0
Bhojpur,Kosi,Hill,Eastern,(1-6),1.0
Bhojpur,Kosi,Hill,Eastern,(1-7),0.0
Bhojpur,Kosi,Hill,Eastern,(1-8),1.0
Bhojpur,Kosi,Hill,Eastern,(1-9),0.0
Bhojpur,Kosi,Hill,Eastern,(1-10),2.0
Bhojpur,Kosi,Hill,Eastern,(1-11),0.0
Bhojpur,Kosi,Hill,Eastern,(1-12),1.0
Bhojpur,Kosi,Hill,Eastern,(6-7),0.0
Bhojpur,Kosi,Hill,Eastern,(6-8),0.0
Bhojpur,Kosi,Hill,Eastern,(6-9),0.0
Bhojpur,Kosi,Hill,Eastern,(6-10),0.0
Bhojpur,Kosi,Hill,Eastern,(6-11),0.0
Bhojpur,Kosi,Hill,Eastern,(6-12),0.0
Bhojpur,Kosi,Hill,Eastern,(9-10),0.0
Bhojpur,Kosi,Hill,Eastern,(9-11),0.0
Bhojpur,Kosi,Hill,Eastern,(9-12),0.0
Bhojpur,Kosi,Hill,Eastern,(11-12),0.0
Chitawan,Narayani,Terai,Central,1.0,0.0
Chitawan,Narayani,Terai,Central,(1-2),1.0
Chitawan,Narayani,Terai,Central,(1-3),0.0
Chitawan,Narayani,Terai,Central,(1-4),3.0
Chitawan,Narayani,Terai,Central,(1-5),11.0
Chitawan,Narayani,Terai,Central,(1-6),4.0
Chitawan,Narayani,Terai,Central,(1-7),6.0
Chitawan,Narayani,Terai,Central,(1-8),11.0
Chitawan,Narayani,Terai,Central,(1-9),3.0
Chitawan,Narayani,Terai,Central,(1-10),78.0
Chitawan,Narayani,Terai,Central,(1-11),0.0
Chitawan,Narayani,Terai,Central,(1-12),18.0
Chitawan,Narayani,Terai,Central,(6-7),0.0
Chitawan,Narayani,Terai,Central,(6-8),0.0
Chitawan,Narayani,Terai,Central,(6-9),0.0
Chitawan,Narayani,Terai,Central,(6-10),0.0
Chitawan,Narayani,Terai,Central,(6-11),0.0
Chitawan,Narayani,Terai,Central,(6-12),1.0
Chitawan,Narayani,Terai,Central,(9-10),0.0
Chitawan,Narayani,Terai,Central,(9-11),0.0
Chitawan,Narayani,Terai,Central,(9-12),0.0
Chitawan,Narayani,Terai,Central,(11-12),15.0
Dadeldhura,Mahakali,Hill,Far-Western,1.0,0.0
Dadeldhura,Mahakali,Hill,Far-Western,(1-2),1.0
Dadeldhura,Mahakali,Hill,Far-Western,(1-3),5.0
Dadeldhura,Mahakali,Hill,Far-Western,(1-4),1.0
Dadeldhura,Mahakali,Hill,Far-Western,(1-5),5.0
Dadeldhura,Mahakali,Hill,Far-Western,(1-6),1.0
Dadeldhura,Mahakali,Hill,Far-Western,(1-7),1.0
Dadeldhura,Mahakali,Hill,Far-Western,(1-8),4.0
Dadeldhura,Mahakali,Hill,Far-Western,(1-9),0.0
Dadeldhura,Mahakali,Hill,Far-Western,(1-10),2.0
Dadeldhura,Mahakali,Hill,Far-Western,(1-11),0.0
Dadeldhura,Mahakali,Hill,Far-Western,(1-12),2.0
Dadeldhura,Mahakali,Hill,Far-Western,(6-7),0.0
Dadeldhura,Mahakali,Hill,Far-Western,(6-8),0.0
Dadeldhura,Mahakali,Hill,Far-Western,(6-9),0.0
Dadeldhura,Mahakali,Hill,Far-Western,(6-10),0.0
Dadeldhura,Mahakali,Hill,Far-Western,(6-11),0.0
Dadeldhura,Mahakali,Hill,Far-Western,(6-12),0.0
Dadeldhura,Mahakali,Hill,Far-Western,(9-10),0.0
Dadeldhura,Mahakali,Hill,Far-Western,(9-11),0.0
Dadeldhura,Mahakali,Hill,Far-Western,(9-12),0.0
Dadeldhura,Mahakali,Hill,Far-Western,(11-12),0.0
Dailekh,Bheri,Hill,Mid-Western,1.0,1.0
Dailekh,Bheri,Hill,Mid-Western,(1-2),0.0
Dailekh,Bheri,Hill,Mid-Western,(1-3),3.0
Dailekh,Bheri,Hill,Mid-Western,(1-4),2.0
Dailekh,Bheri,Hill,Mid-Western,(1-5),6.0
Dailekh,Bheri,Hill,Mid-Western,(1-6),0.0
Dailekh,Bheri,Hill,Mid-Western,(1-7),2.0
Dailekh,Bheri,Hill,Mid-Western,(1-8),0.0
Dailekh,Bheri,Hill,Mid-Western,(1-9),0.0
Dailekh,Bheri,Hill,Mid-Western,(1-10),2.0
Dailekh,Bheri,Hill,Mid-Western,(1-11),0.0
Dailekh,Bheri,Hill,Mid-Western,(1-12),0.0
Dailekh,Bheri,Hill,Mid-Western,(6-7),0.0
Dailekh,Bheri,Hill,Mid-Western,(6-8),0.0
Dailekh,Bheri,Hill,Mid-Western,(6-9),0.0
Dailekh,Bheri,Hill,Mid-Western,(6-10),0.0
Dailekh,Bheri,Hill,Mid-Western,(6-11),0.0
Dailekh,Bheri,Hill,Mid-Western,(6-12),0.0
Dailekh,Bheri,Hill,Mid-Western,(9-10),0.0
Dailekh,Bheri,Hill,Mid-Western,(9-11),0.0
Dailekh,Bheri,Hill,Mid-Western,(9-12),0.0
Dailekh,Bheri,Hill,Mid-Western,(11-12),0.0
Dang,Rapti,Terai,Mid-Western,1.0,0.0
Dang,Rapti,Terai,Mid-Western,(1-2),4.0
Dang,Rapti,Terai,Mid-Western,(1-3),1.0
Dang,Rapti,Terai,Mid-Western,(1-4),1.0
Dang,Rapti,Terai,Mid-Western,(1-5),34.0
Dang,Rapti,Terai,Mid-Western,(1-6),13.0
Dang,Rapti,Terai,Mid-Western,(1-7),4.0
Dang,Rapti,Terai,Mid-Western,(1-8),9.0
Dang,Rapti,Terai,Mid-Western,(1-9),5.0
Dang,Rapti,Terai,Mid-Western,(1-10),31.0
Dang,Rapti,Terai,Mid-Western,(1-11),3.0
Dang,Rapti,Terai,Mid-Western,(1-12),17.0
Dang,Rapti,Terai,Mid-Western,(6-7),0.0
Dang,Rapti,Terai,Mid-Western,(6-8),0.0
Dang,Rapti,Terai,Mid-Western,(6-9),0.0
Dang,Rapti,Terai,Mid-Western,(6-10),0.0
Dang,Rapti,Terai,Mid-Western,(6-11),0.0
Dang,Rapti,Terai,Mid-Western,(6-12),0.0
Dang,Rapti,Terai,Mid-Western,(9-10),0.0
Dang,Rapti,Terai,Mid-Western,(9-11),0.0
Dang,Rapti,Terai,Mid-Western,(9-12),0.0
Dang,Rapti,Terai,Mid-Western,(11-12),3.0
Darchaula,Mahakali,Mountain,Far-Western,1.0,0.0
Darchaula,Mahakali,Mountain,Far-Western,(1-2),2.0
Darchaula,Mahakali,Mountain,Far-Western,(1-3),1.0
Darchaula,Mahakali,Mountain,Far-Western,(1-4),2.0
Darchaula,Mahakali,Mountain,Far-Western,(1-5),5.0
Darchaula,Mahakali,Mountain,Far-Western,(1-6),0.0
Darchaula,Mahakali,Mountain,Far-Western,(1-7),1.0
Darchaula,Mahakali,Mountain,Far-Western,(1-8),3.0
Darchaula,Mahakali,Mountain,Far-Western,(1-9),0.0
Darchaula,Mahakali,Mountain,Far-Western,(1-10),1.0
Darchaula,Mahakali,Mountain,Far-Western,(1-11),0.0
Darchaula,Mahakali,Mountain,Far-Western,(1-12),0.0
Darchaula,Mahakali,Mountain,Far-Western,(6-7),0.0
Darchaula,Mahakali,Mountain,Far-Western,(6-8),0.0
Darchaula,Mahakali,Mountain,Far-Western,(6-9),0.0
Darchaula,Mahakali,Mountain,Far-Western,(6-10),0.0
Darchaula,Mahakali,Mountain,Far-Western,(6-11),0.0
Darchaula,Mahakali,Mountain,Far-Western,(6-12),0.0
Darchaula,Mahakali,Mountain,Far-Western,(9-10),0.0
Darchaula,Mahakali,Mountain,Far-Western,(9-11),0.0
Darchaula,Mahakali,Mountain,Far-Western,(9-12),0.0
Darchaula,Mahakali,Mountain,Far-Western,(11-12),0.0
Dhading,Bagmati,Hill,Central,1.0,1.0
Dhading,Bagmati,Hill,Central,(1-2),0.0
Dhading,Bagmati,Hill,Central,(1-3),0.0
Dhading,Bagmati,Hill,Central,(1-4),0.0
Dhading,Bagmati,Hill,Central,(1-5),15.0
Dhading,Bagmati,Hill,Central,(1-6),2.0
Dhading,Bagmati,Hill,Central,(1-7),5.0
Dhading,Bagmati,Hill,Central,(1-8),4.0
Dhading,Bagmati,Hill,Central,(1-9),0.0
Dhading,Bagmati,Hill,Central,(1-10),13.0
Dhading,Bagmati,Hill,Central,(1-11),1.0
Dhading,Bagmati,Hill,Central,(1-12),4.0
Dhading,Bagmati,Hill,Central,(6-7),0.0
Dhading,Bagmati,Hill,Central,(6-8),0.0
Dhading,Bagmati,Hill,Central,(6-9),0.0
Dhading,Bagmati,Hill,Central,(6-10),0.0
Dhading,Bagmati,Hill,Central,(6-11),0.0
Dhading,Bagmati,Hill,Central,(6-12),0.0
Dhading,Bagmati,Hill,Central,(9-10),0.0
Dhading,Bagmati,Hill,Central,(9-11),0.0
Dhading,Bagmati,Hill,Central,(9-12),0.0
Dhading,Bagmati,Hill,Central,(11-12),0.0
Dhankuta,Kosi,Hill,Eastern,1.0,3.0
Dhankuta,Kosi,Hill,Eastern,(1-2),3.0
Dhankuta,Kosi,Hill,Eastern,(1-3),1.0
Dhankuta,Kosi,Hill,Eastern,(1-4),1.0
Dhankuta,Kosi,Hill,Eastern,(1-5),12.0
Dhankuta,Kosi,Hill,Eastern,(1-6),2.0
Dhankuta,Kosi,Hill,Eastern,(1-7),3.0
Dhankuta,Kosi,Hill,Eastern,(1-8),1.0
Dhankuta,Kosi,Hill,Eastern,(1-9),1.0
Dhankuta,Kosi,Hill,Eastern,(1-10),7.0
Dhankuta,Kosi,Hill,Eastern,(1-11),0.0
Dhankuta,Kosi,Hill,Eastern,(1-12),3.0
Dhankuta,Kosi,Hill,Eastern,(6-7),0.0
Dhankuta,Kosi,Hill,Eastern,(6-8),0.0
Dhankuta,Kosi,Hill,Eastern,(6-9),0.0
Dhankuta,Kosi,Hill,Eastern,(6-10),0.0
Dhankuta,Kosi,Hill,Eastern,(6-11),0.0
Dhankuta,Kosi,Hill,Eastern,(6-12),0.0
Dhankuta,Kosi,Hill,Eastern,(9-10),0.0
Dhankuta,Kosi,Hill,Eastern,(9-11),0.0
Dhankuta,Kosi,Hill,Eastern,(9-12),0.0
Dhankuta,Kosi,Hill,Eastern,(11-12),0.0
Dhanusa,Janakpur,Terai,Central,1.0,0.0
Dhanusa,Janakpur,Terai,Central,(1-2),0.0
Dhanusa,Janakpur,Terai,Central,(1-3),1.0
Dhanusa,Janakpur,Terai,Central,(1-4),0.0
Dhanusa,Janakpur,Terai,Central,(1-5),33.0
Dhanusa,Janakpur,Terai,Central,(1-6),0.0
Dhanusa,Janakpur,Terai,Central,(1-7),0.0
Dhanusa,Janakpur,Terai,Central,(1-8),2.0
Dhanusa,Janakpur,Terai,Central,(1-9),0.0
Dhanusa,Janakpur,Terai,Central,(1-10),0.0
Dhanusa,Janakpur,Terai,Central,(1-11),1.0
Dhanusa,Janakpur,Terai,Central,(1-12),11.0
Dhanusa,Janakpur,Terai,Central,(6-7),0.0
Dhanusa,Janakpur,Terai,Central,(6-8),0.0
Dhanusa,Janakpur,Terai,Central,(6-9),0.0
Dhanusa,Janakpur,Terai,Central,(6-10),0.0
Dhanusa,Janakpur,Terai,Central,(6-11),0.0
Dhanusa,Janakpur,Terai,Central,(6-12),1.0
Dhanusa,Janakpur,Terai,Central,(9-10),0.0
Dhanusa,Janakpur,Terai,Central,(9-11),0.0
Dhanusa,Janakpur,Terai,Central,(9-12),0.0
Dhanusa,Janakpur,Terai,Central,(11-12),10.0
Dolakha,Janakpur,Mountain,Central,1.0,0.0
Dolakha,Janakpur,Mountain,Central,(1-2),2.0
Dolakha,Janakpur,Mountain,Central,(1-3),1.0
Dolakha,Janakpur,Mountain,Central,(1-4),2.0
Dolakha,Janakpur,Mountain,Central,(1-5),8.0
Dolakha,Janakpur,Mountain,Central,(1-6),4.0
Dolakha,Janakpur,Mountain,Central,(1-7),2.0
Dolakha,Janakpur,Mountain,Central,(1-8),4.0
Dolakha,Janakpur,Mountain,Central,(1-9),2.0
Dolakha,Janakpur,Mountain,Central,(1-10),7.0
Dolakha,Janakpur,Mountain,Central,(1-11),0.0
Dolakha,Janakpur,Mountain,Central,(1-12),1.0
Dolakha,Janakpur,Mountain,Central,(6-7),0.0
Dolakha,Janakpur,Mountain,Central,(6-8),0.0
Dolakha,Janakpur,Mountain,Central,(6-9),0.0
Dolakha,Janakpur,Mountain,Central,(6-10),0.0
Dolakha,Janakpur,Mountain,Central,(6-11),0.0
Dolakha,Janakpur,Mountain,Central,(6-12),0.0
Dolakha,Janakpur,Mountain,Central,(9-10),0.0
Dolakha,Janakpur,Mountain,Central,(9-11),0.0
Dolakha,Janakpur,Mountain,Central,(9-12),0.0
Dolakha,Janakpur,Mountain,Central,(11-12),2.0
Dolpa,Karnali,Mountain,Mid-Western,1.0,0.0
Dolpa,Karnali,Mountain,Mid-Western,(1-2),0.0
Dolpa,Karnali,Mountain,Mid-Western,(1-3),2.0
Dolpa,Karnali,Mountain,Mid-Western,(1-4),1.0
Dolpa,Karnali,Mountain,Mid-Western,(1-5),1.0
Dolpa,Karnali,Mountain,Mid-Western,(1-6),0.0
Dolpa,Karnali,Mountain,Mid-Western,(1-7),0.0
Dolpa,Karnali,Mountain,Mid-Western,(1-8),0.0
Dolpa,Karnali,Mountain,Mid-Western,(1-9),0.0
Dolpa,Karnali,Mountain,Mid-Western,(1-10),0.0
Dolpa,Karnali,Mountain,Mid-Western,(1-11),0.0
Dolpa,Karnali,Mountain,Mid-Western,(1-12),0.0
Dolpa,Karnali,Mountain,Mid-Western,(6-7),0.0
Dolpa,Karnali,Mountain,Mid-Western,(6-8),0.0
Dolpa,Karnali,Mountain,Mid-Western,(6-9),0.0
Dolpa,Karnali,Mountain,Mid-Western,(6-10),0.0
Dolpa,Karnali,Mountain,Mid-Western,(6-11),0.0
Dolpa,Karnali,Mountain,Mid-Western,(6-12),0.0
Dolpa,Karnali,Mountain,Mid-Western,(9-10),0.0
Dolpa,Karnali,Mountain,Mid-Western,(9-11),0.0
Dolpa,Karnali,Mountain,Mid-Western,(9-12),0.0
Dolpa,Karnali,Mountain,Mid-Western,(11-12),0.0
Doti,Seti,Hill,Far-Western,1.0,0.0
Doti,Seti,Hill,Far-Western,(1-2),1.0
Doti,Seti,Hill,Far-Western,(1-3),0.0
Doti,Seti,Hill,Far-Western,(1-4),1.0
Doti,Seti,Hill,Far-Western,(1-5),4.0
Doti,Seti,Hill,Far-Western,(1-6),0.0
Doti,Seti,Hill,Far-Western,(1-7),0.0
Doti,Seti,Hill,Far-Western,(1-8),0.0
Doti,Seti,Hill,Far-Western,(1-9),0.0
Doti,Seti,Hill,Far-Western,(1-10),1.0
Doti,Seti,Hill,Far-Western,(1-11),0.0
Doti,Seti,Hill,Far-Western,(1-12),2.0
Doti,Seti,Hill,Far-Western,(6-7),0.0
Doti,Seti,Hill,Far-Western,(6-8),0.0
Doti,Seti,Hill,Far-Western,(6-9),0.0
Doti,Seti,Hill,Far-Western,(6-10),0.0
Doti,Seti,Hill,Far-Western,(6-11),0.0
Doti,Seti,Hill,Far-Western,(6-12),0.0
Doti,Seti,Hill,Far-Western,(9-10),0.0
Doti,Seti,Hill,Far-Western,(9-11),0.0
Doti,Seti,Hill,Far-Western,(9-12),0.0
Doti,Seti,Hill,Far-Western,(11-12),1.0
Gorkha,Gandaki,Hill,Western,1.0,1.0
Gorkha,Gandaki,Hill,Western,(1-2),2.0
Gorkha,Gandaki,Hill,Western,(1-3),4.0
Gorkha,Gandaki,Hill,Western,(1-4),5.0
Gorkha,Gandaki,Hill,Western,(1-5),14.0
Gorkha,Gandaki,Hill,Western,(1-6),3.0
Gorkha,Gandaki,Hill,Western,(1-7),4.0
Gorkha,Gandaki,Hill,Western,(1-8),5.0
Gorkha,Gandaki,Hill,Western,(1-9),1.0
Gorkha,Gandaki,Hill,Western,(1-10),3.0
Gorkha,Gandaki,Hill,Western,(1-11),0.0
Gorkha,Gandaki,Hill,Western,(1-12),1.0
Gorkha,Gandaki,Hill,Western,(6-7),0.0
Gorkha,Gandaki,Hill,Western,(6-8),0.0
Gorkha,Gandaki,Hill,Western,(6-9),0.0
Gorkha,Gandaki,Hill,Western,(6-10),0.0
Gorkha,Gandaki,Hill,Western,(6-11),0.0
Gorkha,Gandaki,Hill,Western,(6-12),0.0
Gorkha,Gandaki,Hill,Western,(9-10),0.0
Gorkha,Gandaki,Hill,Western,(9-11),0.0
Gorkha,Gandaki,Hill,Western,(9-12),0.0
Gorkha,Gandaki,Hill,Western,(11-12),1.0
Gulmi,Lumbini,Hill,Western,1.0,0.0
Gulmi,Lumbini,Hill,Western,(1-2),3.0
Gulmi,Lumbini,Hill,Western,(1-3),1.0
Gulmi,Lumbini,Hill,Western,(1-4),2.0
Gulmi,Lumbini,Hill,Western,(1-5),22.0
Gulmi,Lumbini,Hill,Western,(1-6),4.0
Gulmi,Lumbini,Hill,Western,(1-7),2.0
Gulmi,Lumbini,Hill,Western,(1-8),8.0
Gulmi,Lumbini,Hill,Western,(1-9),1.0
Gulmi,Lumbini,Hill,Western,(1-10),12.0
Gulmi,Lumbini,Hill,Western,(1-11),0.0
Gulmi,Lumbini,Hill,Western,(1-12),1.0
Gulmi,Lumbini,Hill,Western,(6-7),0.0
Gulmi,Lumbini,Hill,Western,(6-8),0.0
Gulmi,Lumbini,Hill,Western,(6-9),0.0
Gulmi,Lumbini,Hill,Western,(6-10),0.0
Gulmi,Lumbini,Hill,Western,(6-11),0.0
Gulmi,Lumbini,Hill,Western,(6-12),0.0
Gulmi,Lumbini,Hill,Western,(9-10),0.0
Gulmi,Lumbini,Hill,Western,(9-11),0.0
Gulmi,Lumbini,Hill,Western,(9-12),0.0
Gulmi,Lumbini,Hill,Western,(11-12),1.0
Humla,Karnali,Mountain,Mid-Western,1.0,0.0
Humla,Karnali,Mountain,Mid-Western,(1-2),1.0
Humla,Karnali,Mountain,Mid-Western,(1-3),0.0
Humla,Karnali,Mountain,Mid-Western,(1-4),0.0
Humla,Karnali,Mountain,Mid-Western,(1-5),0.0
Humla,Karnali,Mountain,Mid-Western,(1-6),0.0
Humla,Karnali,Mountain,Mid-Western,(1-7),1.0
Humla,Karnali,Mountain,Mid-Western,(1-8),0.0
Humla,Karnali,Mountain,Mid-Western,(1-9),0.0
Humla,Karnali,Mountain,Mid-Western,(1-10),0.0
Humla,Karnali,Mountain,Mid-Western,(1-11),0.0
Humla,Karnali,Mountain,Mid-Western,(1-12),0.0
Humla,Karnali,Mountain,Mid-Western,(6-7),0.0
Humla,Karnali,Mountain,Mid-Western,(6-8),0.0
Humla,Karnali,Mountain,Mid-Western,(6-9),0.0
Humla,Karnali,Mountain,Mid-Western,(6-10),0.0
Humla,Karnali,Mountain,Mid-Western,(6-11),0.0
Humla,Karnali,Mountain,Mid-Western,(6-12),0.0
Humla,Karnali,Mountain,Mid-Western,(9-10),0.0
Humla,Karnali,Mountain,Mid-Western,(9-11),0.0
Humla,Karnali,Mountain,Mid-Western,(9-12),0.0
Humla,Karnali,Mountain,Mid-Western,(11-12),0.0
Ilam,Mechi,Hill,Eastern,1.0,2.0
Ilam,Mechi,Hill,Eastern,(1-2),4.0
Ilam,Mechi,Hill,Eastern,(1-3),1.0
Ilam,Mechi,Hill,Eastern,(1-4),1.0
Ilam,Mechi,Hill,Eastern,(1-5),29.0
Ilam,Mechi,Hill,Eastern,(1-6),1.0
Ilam,Mechi,Hill,Eastern,(1-7),3.0
Ilam,Mechi,Hill,Eastern,(1-8),13.0
Ilam,Mechi,Hill,Eastern,(1-9),0.0
Ilam,Mechi,Hill,Eastern,(1-10),13.0
Ilam,Mechi,Hill,Eastern,(1-11),0.0
Ilam,Mechi,Hill,Eastern,(1-12),1.0
Ilam,Mechi,Hill,Eastern,(6-7),0.0
Ilam,Mechi,Hill,Eastern,(6-8),0.0
Ilam,Mechi,Hill,Eastern,(6-9),0.0
Ilam,Mechi,Hill,Eastern,(6-10),0.0
Ilam,Mechi,Hill,Eastern,(6-11),0.0
Ilam,Mechi,Hill,Eastern,(6-12),0.0
Ilam,Mechi,Hill,Eastern,(9-10),0.0
Ilam,Mechi,Hill,Eastern,(9-11),0.0
Ilam,Mechi,Hill,Eastern,(9-12),0.0
Ilam,Mechi,Hill,Eastern,(11-12),2.0
Jajarkot,Bheri,Hill,Mid-Western,1.0,0.0
Jajarkot,Bheri,Hill,Mid-Western,(1-2),0.0
Jajarkot,Bheri,Hill,Mid-Western,(1-3),0.0
Jajarkot,Bheri,Hill,Mid-Western,(1-4),0.0
Jajarkot,Bheri,Hill,Mid-Western,(1-5),1.0
Jajarkot,Bheri,Hill,Mid-Western,(1-6),1.0
Jajarkot,Bheri,Hill,Mid-Western,(1-7),0.0
Jajarkot,Bheri,Hill,Mid-Western,(1-8),0.0
Jajarkot,Bheri,Hill,Mid-Western,(1-9),0.0
Jajarkot,Bheri,Hill,Mid-Western,(1-10),0.0
Jajarkot,Bheri,Hill,Mid-Western,(1-11),0.0
Jajarkot,Bheri,Hill,Mid-Western,(1-12),0.0
Jajarkot,Bheri,Hill,Mid-Western,(6-7),0.0
Jajarkot,Bheri,Hill,Mid-Western,(6-8),0.0
Jajarkot,Bheri,Hill,Mid-Western,(6-9),0.0
Jajarkot,Bheri,Hill,Mid-Western,(6-10),0.0
Jajarkot,Bheri,Hill,Mid-Western,(6-11),0.0
Jajarkot,Bheri,Hill,Mid-Western,(6-12),0.0
Jajarkot,Bheri,Hill,Mid-Western,(9-10),0.0
Jajarkot,Bheri,Hill,Mid-Western,(9-11),0.0
Jajarkot,Bheri,Hill,Mid-Western,(9-12),0.0
Jajarkot,Bheri,Hill,Mid-Western,(11-12),0.0
Jhapa,Mechi,Terai,Eastern,1.0,1.0
Jhapa,Mechi,Terai,Eastern,(1-2),23.0
Jhapa,Mechi,Terai,Eastern,(1-3),4.0
Jhapa,Mechi,Terai,Eastern,(1-4),3.0
Jhapa,Mechi,Terai,Eastern,(1-5),50.0
Jhapa,Mechi,Terai,Eastern,(1-6),14.0
Jhapa,Mechi,Terai,Eastern,(1-7),22.0
Jhapa,Mechi,Terai,Eastern,(1-8),25.0
Jhapa,Mechi,Terai,Eastern,(1-9),5.0
Jhapa,Mechi,Terai,Eastern,(1-10),88.0
Jhapa,Mechi,Terai,Eastern,(1-11),6.0
Jhapa,Mechi,Terai,Eastern,(1-12),19.0
Jhapa,Mechi,Terai,Eastern,(6-7),0.0
Jhapa,Mechi,Terai,Eastern,(6-8),0.0
Jhapa,Mechi,Terai,Eastern,(6-9),0.0
Jhapa,Mechi,Terai,Eastern,(6-10),0.0
Jhapa,Mechi,Terai,Eastern,(6-11),0.0
Jhapa,Mechi,Terai,Eastern,(6-12),1.0
Jhapa,Mechi,Terai,Eastern,(9-10),0.0
Jhapa,Mechi,Terai,Eastern,(9-11),0.0
Jhapa,Mechi,Terai,Eastern,(9-12),0.0
Jhapa,Mechi,Terai,Eastern,(11-12),15.0
Jumla,Karnali,Mountain,Mid-Western,1.0,0.0
Jumla,Karnali,Mountain,Mid-Western,(1-2),0.0
Jumla,Karnali,Mountain,Mid-Western,(1-3),0.0
Jumla,Karnali,Mountain,Mid-Western,(1-4),1.0
Jumla,Karnali,Mountain,Mid-Western,(1-5),3.0
Jumla,Karnali,Mountain,Mid-Western,(1-6),0.0
Jumla,Karnali,Mountain,Mid-Western,(1-7),0.0
Jumla,Karnali,Mountain,Mid-Western,(1-8),1.0
Jumla,Karnali,Mountain,Mid-Western,(1-9),0.0
Jumla,Karnali,Mountain,Mid-Western,(1-10),0.0
Jumla,Karnali,Mountain,Mid-Western,(1-11),0.0
Jumla,Karnali,Mountain,Mid-Western,(1-12),1.0
Jumla,Karnali,Mountain,Mid-Western,(6-7),0.0
Jumla,Karnali,Mountain,Mid-Western,(6-8),0.0
Jumla,Karnali,Mountain,Mid-Western,(6-9),0.0
Jumla,Karnali,Mountain,Mid-Western,(6-10),0.0
Jumla,Karnali,Mountain,Mid-Western,(6-11),0.0
Jumla,Karnali,Mountain,Mid-Western,(6-12),0.0
Jumla,Karnali,Mountain,Mid-Western,(9-10),0.0
Jumla,Karnali,Mountain,Mid-Western,(9-11),0.0
Jumla,Karnali,Mountain,Mid-Western,(9-12),0.0
Jumla,Karnali,Mountain,Mid-Western,(11-12),0.0
Kailali,Seti,Terai,Far-Western,1.0,3.0
Kailali,Seti,Terai,Far-Western,(1-2),6.0
Kailali,Seti,Terai,Far-Western,(1-3),12.0
Kailali,Seti,Terai,Far-Western,(1-4),10.0
Kailali,Seti,Terai,Far-Western,(1-5),41.0
Kailali,Seti,Terai,Far-Western,(1-6),3.0
Kailali,Seti,Terai,Far-Western,(1-7),5.0
Kailali,Seti,Terai,Far-Western,(1-8),32.0
Kailali,Seti,Terai,Far-Western,(1-9),3.0
Kailali,Seti,Terai,Far-Western,(1-10),40.0
Kailali,Seti,Terai,Far-Western,(1-11),5.0
Kailali,Seti,Terai,Far-Western,(1-12),14.0
Kailali,Seti,Terai,Far-Western,(6-7),0.0
Kailali,Seti,Terai,Far-Western,(6-8),0.0
Kailali,Seti,Terai,Far-Western,(6-9),0.0
Kailali,Seti,Terai,Far-Western,(6-10),0.0
Kailali,Seti,Terai,Far-Western,(6-11),0.0
Kailali,Seti,Terai,Far-Western,(6-12),0.0
Kailali,Seti,Terai,Far-Western,(9-10),0.0
Kailali,Seti,Terai,Far-Western,(9-11),0.0
Kailali,Seti,Terai,Far-Western,(9-12),0.0
Kailali,Seti,Terai,Far-Western,(11-12),6.0
Kalikot,Karnali,Mountain,Mid-Western,1.0,0.0
Kalikot,Karnali,Mountain,Mid-Western,(1-2),0.0
Kalikot,Karnali,Mountain,Mid-Western,(1-3),1.0
Kalikot,Karnali,Mountain,Mid-Western,(1-4),0.0
Kalikot,Karnali,Mountain,Mid-Western,(1-5),1.0
Kalikot,Karnali,Mountain,Mid-Western,(1-6),2.0
Kalikot,Karnali,Mountain,Mid-Western,(1-7),0.0
Kalikot,Karnali,Mountain,Mid-Western,(1-8),0.0
Kalikot,Karnali,Mountain,Mid-Western,(1-9),0.0
Kalikot,Karnali,Mountain,Mid-Western,(1-10),1.0
Kalikot,Karnali,Mountain,Mid-Western,(1-11),0.0
Kalikot,Karnali,Mountain,Mid-Western,(1-12),0.0
Kalikot,Karnali,Mountain,Mid-Western,(6-7),0.0
Kalikot,Karnali,Mountain,Mid-Western,(6-8),0.0
Kalikot,Karnali,Mountain,Mid-Western,(6-9),0.0
Kalikot,Karnali,Mountain,Mid-Western,(6-10),0.0
Kalikot,Karnali,Mountain,Mid-Western,(6-11),0.0
Kalikot,Karnali,Mountain,Mid-Western,(6-12),0.0
Kalikot,Karnali,Mountain,Mid-Western,(9-10),0.0
Kalikot,Karnali,Mountain,Mid-Western,(9-11),0.0
Kalikot,Karnali,Mountain,Mid-Western,(9-12),0.0
Kalikot,Karnali,Mountain,Mid-Western,(11-12),0.0
Kanchanpur,Mahakali,Terai,Far-Western,1.0,12.0
Kanchanpur,Mahakali,Terai,Far-Western,(1-2),2.0
Kanchanpur,Mahakali,Terai,Far-Western,(1-3),8.0
Kanchanpur,Mahakali,Terai,Far-Western,(1-4),4.0
Kanchanpur,Mahakali,Terai,Far-Western,(1-5),42.0
Kanchanpur,Mahakali,Terai,Far-Western,(1-6),4.0
Kanchanpur,Mahakali,Terai,Far-Western,(1-7),4.0
Kanchanpur,Mahakali,Terai,Far-Western,(1-8),24.0
Kanchanpur,Mahakali,Terai,Far-Western,(1-9),8.0
Kanchanpur,Mahakali,Terai,Far-Western,(1-10),26.0
Kanchanpur,Mahakali,Terai,Far-Western,(1-11),6.0
Kanchanpur,Mahakali,Terai,Far-Western,(1-12),11.0
Kanchanpur,Mahakali,Terai,Far-Western,(6-7),1.0
Kanchanpur,Mahakali,Terai,Far-Western,(6-8),0.0
Kanchanpur,Mahakali,Terai,Far-Western,(6-9),0.0
Kanchanpur,Mahakali,Terai,Far-Western,(6-10),0.0
Kanchanpur,Mahakali,Terai,Far-Western,(6-11),0.0
Kanchanpur,Mahakali,Terai,Far-Western,(6-12),1.0
Kanchanpur,Mahakali,Terai,Far-Western,(9-10),0.0
Kanchanpur,Mahakali,Terai,Far-Western,(9-11),0.0
Kanchanpur,Mahakali,Terai,Far-Western,(9-12),0.0
Kanchanpur,Mahakali,Terai,Far-Western,(11-12),4.0
Kapilbastu,Lumbini,Terai,Western,1.0,1.0
Kapilbastu,Lumbini,Terai,Western,(1-2),2.0
Kapilbastu,Lumbini,Terai,Western,(1-3),1.0
Kapilbastu,Lumbini,Terai,Western,(1-4),0.0
Kapilbastu,Lumbini,Terai,Western,(1-5),11.0
Kapilbastu,Lumbini,Terai,Western,(1-6),2.0
Kapilbastu,Lumbini,Terai,Western,(1-7),1.0
Kapilbastu,Lumbini,Terai,Western,(1-8),3.0
Kapilbastu,Lumbini,Terai,Western,(1-9),2.0
Kapilbastu,Lumbini,Terai,Western,(1-10),21.0
Kapilbastu,Lumbini,Terai,Western,(1-11),1.0
Kapilbastu,Lumbini,Terai,Western,(1-12),6.0
Kapilbastu,Lumbini,Terai,Western,(6-7),0.0
Kapilbastu,Lumbini,Terai,Western,(6-8),0.0
Kapilbastu,Lumbini,Terai,Western,(6-9),0.0
Kapilbastu,Lumbini,Terai,Western,(6-10),0.0
Kapilbastu,Lumbini,Terai,Western,(6-11),0.0
Kapilbastu,Lumbini,Terai,Western,(6-12),0.0
Kapilbastu,Lumbini,Terai,Western,(9-10),0.0
Kapilbastu,Lumbini,Terai,Western,(9-11),0.0
Kapilbastu,Lumbini,Terai,Western,(9-12),0.0
Kapilbastu,Lumbini,Terai,Western,(11-12),2.0
Kaski,Gandaki,Hill,Western,1.0,0.0
Kaski,Gandaki,Hill,Western,(1-2),1.0
Kaski,Gandaki,Hill,Western,(1-3),4.0
Kaski,Gandaki,Hill,Western,(1-4),2.0
Kaski,Gandaki,Hill,Western,(1-5),12.0
Kaski,Gandaki,Hill,Western,(1-6),7.0
Kaski,Gandaki,Hill,Western,(1-7),6.0
Kaski,Gandaki,Hill,Western,(1-8),12.0
Kaski,Gandaki,Hill,Western,(1-9),6.0
Kaski,Gandaki,Hill,Western,(1-10),103.0
Kaski,Gandaki,Hill,Western,(1-11),4.0
Kaski,Gandaki,Hill,Western,(1-12),43.0
Kaski,Gandaki,Hill,Western,(6-7),0.0
Kaski,Gandaki,Hill,Western,(6-8),0.0
Kaski,Gandaki,Hill,Western,(6-9),0.0
Kaski,Gandaki,Hill,Western,(6-10),0.0
Kaski,Gandaki,Hill,Western,(6-11),0.0
Kaski,Gandaki,Hill,Western,(6-12),0.0
Kaski,Gandaki,Hill,Western,(9-10),0.0
Kaski,Gandaki,Hill,Western,(9-11),0.0
Kaski,Gandaki,Hill,Western,(9-12),0.0
Kaski,Gandaki,Hill,Western,(11-12),8.0
Kathmandu,Bagmati,Hill,Central,1.0,3.0
Kathmandu,Bagmati,Hill,Central,(1-2),14.0
Kathmandu,Bagmati,Hill,Central,(1-3),11.0
Kathmandu,Bagmati,Hill,Central,(1-4),12.0
Kathmandu,Bagmati,Hill,Central,(1-5),88.0
Kathmandu,Bagmati,Hill,Central,(1-6),29.0
Kathmandu,Bagmati,Hill,Central,(1-7),46.0
Kathmandu,Bagmati,Hill,Central,(1-8),92.0
Kathmandu,Bagmati,Hill,Central,(1-9),42.0
Kathmandu,Bagmati,Hill,Central,(1-10),514.0
Kathmandu,Bagmati,Hill,Central,(1-11),12.0
Kathmandu,Bagmati,Hill,Central,(1-12),138.0
Kathmandu,Bagmati,Hill,Central,(6-7),0.0
Kathmandu,Bagmati,Hill,Central,(6-8),0.0
Kathmandu,Bagmati,Hill,Central,(6-9),0.0
Kathmandu,Bagmati,Hill,Central,(6-10),3.0
Kathmandu,Bagmati,Hill,Central,(6-11),0.0
Kathmandu,Bagmati,Hill,Central,(6-12),1.0
Kathmandu,Bagmati,Hill,Central,(9-10),0.0
Kathmandu,Bagmati,Hill,Central,(9-11),0.0
Kathmandu,Bagmati,Hill,Central,(9-12),0.0
Kathmandu,Bagmati,Hill,Central,(11-12),66.0
Kavre,Bagmati,Hill,Central,1.0,0.0
Kavre,Bagmati,Hill,Central,(1-2),1.0
Kavre,Bagmati,Hill,Central,(1-3),1.0
Kavre,Bagmati,Hill,Central,(1-4),1.0
Kavre,Bagmati,Hill,Central,(1-5),19.0
Kavre,Bagmati,Hill,Central,(1-6),3.0
Kavre,Bagmati,Hill,Central,(1-7),5.0
Kavre,Bagmati,Hill,Central,(1-8),6.0
Kavre,Bagmati,Hill,Central,(1-9),4.0
Kavre,Bagmati,Hill,Central,(1-10),43.0
Kavre,Bagmati,Hill,Central,(1-11),2.0
Kavre,Bagmati,Hill,Central,(1-12),18.0
Kavre,Bagmati,Hill,Central,(6-7),0.0
Kavre,Bagmati,Hill,Central,(6-8),0.0
Kavre,Bagmati,Hill,Central,(6-9),0.0
Kavre,Bagmati,Hill,Central,(6-10),0.0
Kavre,Bagmati,Hill,Central,(6-11),0.0
Kavre,Bagmati,Hill,Central,(6-12),0.0
Kavre,Bagmati,Hill,Central,(9-10),0.0
Kavre,Bagmati,Hill,Central,(9-11),0.0
Kavre,Bagmati,Hill,Central,(9-12),0.0
Kavre,Bagmati,Hill,Central,(11-12),5.0
Khotang,Sagarmatha,Hill,Eastern,1.0,3.0
Khotang,Sagarmatha,Hill,Eastern,(1-2),1.0
Khotang,Sagarmatha,Hill,Eastern,(1-3),0.0
Khotang,Sagarmatha,Hill,Eastern,(1-4),0.0
Khotang,Sagarmatha,Hill,Eastern,(1-5),4.0
Khotang,Sagarmatha,Hill,Eastern,(1-6),1.0
Khotang,Sagarmatha,Hill,Eastern,(1-7),0.0
Khotang,Sagarmatha,Hill,Eastern,(1-8),0.0
Khotang,Sagarmatha,Hill,Eastern,(1-9),0.0
Khotang,Sagarmatha,Hill,Eastern,(1-10),0.0
Khotang,Sagarmatha,Hill,Eastern,(1-11),0.0
Khotang,Sagarmatha,Hill,Eastern,(1-12),1.0
Khotang,Sagarmatha,Hill,Eastern,(6-7),0.0
Khotang,Sagarmatha,Hill,Eastern,(6-8),0.0
Khotang,Sagarmatha,Hill,Eastern,(6-9),0.0
Khotang,Sagarmatha,Hill,Eastern,(6-10),0.0
Khotang,Sagarmatha,Hill,Eastern,(6-11),0.0
Khotang,Sagarmatha,Hill,Eastern,(6-12),0.0
Khotang,Sagarmatha,Hill,Eastern,(9-10),0.0
Khotang,Sagarmatha,Hill,Eastern,(9-11),0.0
Khotang,Sagarmatha,Hill,Eastern,(9-12),0.0
Khotang,Sagarmatha,Hill,Eastern,(11-12),1.0
Lalitpur,Bagmati,Hill,Central,1.0,0.0
Lalitpur,Bagmati,Hill,Central,(1-2),2.0
Lalitpur,Bagmati,Hill,Central,(1-3),1.0
Lalitpur,Bagmati,Hill,Central,(1-4),2.0
Lalitpur,Bagmati,Hill,Central,(1-5),37.0
Lalitpur,Bagmati,Hill,Central,(1-6),7.0
Lalitpur,Bagmati,Hill,Central,(1-7),6.0
Lalitpur,Bagmati,Hill,Central,(1-8),10.0
Lalitpur,Bagmati,Hill,Central,(1-9),5.0
Lalitpur,Bagmati,Hill,Central,(1-10),145.0
Lalitpur,Bagmati,Hill,Central,(1-11),1.0
Lalitpur,Bagmati,Hill,Central,(1-12),36.0
Lalitpur,Bagmati,Hill,Central,(6-7),0.0
Lalitpur,Bagmati,Hill,Central,(6-8),0.0
Lalitpur,Bagmati,Hill,Central,(6-9),0.0
Lalitpur,Bagmati,Hill,Central,(6-10),2.0
Lalitpur,Bagmati,Hill,Central,(6-11),0.0
Lalitpur,Bagmati,Hill,Central,(6-12),1.0
Lalitpur,Bagmati,Hill,Central,(9-10),0.0
Lalitpur,Bagmati,Hill,Central,(9-11),0.0
Lalitpur,Bagmati,Hill,Central,(9-12),0.0
Lalitpur,Bagmati,Hill,Central,(11-12),26.0
Lamjung,Gandaki,Hill,Western,1.0,0.0
Lamjung,Gandaki,Hill,Western,(1-2),1.0
Lamjung,Gandaki,Hill,Western,(1-3),3.0
Lamjung,Gandaki,Hill,Western,(1-4),0.0
Lamjung,Gandaki,Hill,Western,(1-5),7.0
Lamjung,Gandaki,Hill,Western,(1-6),4.0
Lamjung,Gandaki,Hill,Western,(1-7),5.0
Lamjung,Gandaki,Hill,Western,(1-8),6.0
Lamjung,Gandaki,Hill,Western,(1-9),1.0
Lamjung,Gandaki,Hill,Western,(1-10),6.0
Lamjung,Gandaki,Hill,Western,(1-11),1.0
Lamjung,Gandaki,Hill,Western,(1-12),4.0
Lamjung,Gandaki,Hill,Western,(6-7),0.0
Lamjung,Gandaki,Hill,Western,(6-8),0.0
Lamjung,Gandaki,Hill,Western,(6-9),0.0
Lamjung,Gandaki,Hill,Western,(6-10),0.0
Lamjung,Gandaki,Hill,Western,(6-11),0.0
Lamjung,Gandaki,Hill,Western,(6-12),0.0
Lamjung,Gandaki,Hill,Western,(9-10),0.0
Lamjung,Gandaki,Hill,Western,(9-11),0.0
Lamjung,Gandaki,Hill,Western,(9-12),0.0
Lamjung,Gandaki,Hill,Western,(11-12),2.0
Mahottari,Janakpur,Terai,Central,1.0,0.0
Mahottari,Janakpur,Terai,Central,(1-2),0.0
Mahottari,Janakpur,Terai,Central,(1-3),0.0
Mahottari,Janakpur,Terai,Central,(1-4),2.0
Mahottari,Janakpur,Terai,Central,(1-5),14.0
Mahottari,Janakpur,Terai,Central,(1-6),1.0
Mahottari,Janakpur,Terai,Central,(1-7),1.0
Mahottari,Janakpur,Terai,Central,(1-8),2.0
Mahottari,Janakpur,Terai,Central,(1-9),1.0
Mahottari,Janakpur,Terai,Central,(1-10),5.0
Mahottari,Janakpur,Terai,Central,(1-11),0.0
Mahottari,Janakpur,Terai,Central,(1-12),2.0
Mahottari,Janakpur,Terai,Central,(6-7),0.0
Mahottari,Janakpur,Terai,Central,(6-8),0.0
Mahottari,Janakpur,Terai,Central,(6-9),0.0
Mahottari,Janakpur,Terai,Central,(6-10),0.0
Mahottari,Janakpur,Terai,Central,(6-11),0.0
Mahottari,Janakpur,Terai,Central,(6-12),1.0
Mahottari,Janakpur,Terai,Central,(9-10),0.0
Mahottari,Janakpur,Terai,Central,(9-11),0.0
Mahottari,Janakpur,Terai,Central,(9-12),0.0
Mahottari,Janakpur,Terai,Central,(11-12),2.0
Makwanpur,Narayani,Hill,Central,1.0,0.0
Makwanpur,Narayani,Hill,Central,(1-2),1.0
Makwanpur,Narayani,Hill,Central,(1-3),2.0
Makwanpur,Narayani,Hill,Central,(1-4),2.0
Makwanpur,Narayani,Hill,Central,(1-5),19.0
Makwanpur,Narayani,Hill,Central,(1-6),3.0
Makwanpur,Narayani,Hill,Central,(1-7),5.0
Makwanpur,Narayani,Hill,Central,(1-8),8.0
Makwanpur,Narayani,Hill,Central,(1-9),2.0
Makwanpur,Narayani,Hill,Central,(1-10),23.0
Makwanpur,Narayani,Hill,Central,(1-11),0.0
Makwanpur,Narayani,Hill,Central,(1-12),5.0
Makwanpur,Narayani,Hill,Central,(6-7),0.0
Makwanpur,Narayani,Hill,Central,(6-8),0.0
Makwanpur,Narayani,Hill,Central,(6-9),0.0
Makwanpur,Narayani,Hill,Central,(6-10),0.0
Makwanpur,Narayani,Hill,Central,(6-11),0.0
Makwanpur,Narayani,Hill,Central,(6-12),0.0
Makwanpur,Narayani,Hill,Central,(9-10),0.0
Makwanpur,Narayani,Hill,Central,(9-11),0.0
Makwanpur,Narayani,Hill,Central,(9-12),0.0
Makwanpur,Narayani,Hill,Central,(11-12),3.0
Manang,Gandaki,Mountain,Western,1.0,0.0
Manang,Gandaki,Mountain,Western,(1-2),0.0
Manang,Gandaki,Mountain,Western,(1-3),1.0
Manang,Gandaki,Mountain,Western,(1-4),0.0
Manang,Gandaki,Mountain,Western,(1-5),0.0
Manang,Gandaki,Mountain,Western,(1-6),0.0
Manang,Gandaki,Mountain,Western,(1-7),0.0
Manang,Gandaki,Mountain,Western,(1-8),0.0
Manang,Gandaki,Mountain,Western,(1-9),0.0
Manang,Gandaki,Mountain,Western,(1-10),0.0
Manang,Gandaki,Mountain,Western,(1-11),0.0
Manang,Gandaki,Mountain,Western,(1-12),0.0
Manang,Gandaki,Mountain,Western,(6-7),0.0
Manang,Gandaki,Mountain,Western,(6-8),0.0
Manang,Gandaki,Mountain,Western,(6-9),0.0
Manang,Gandaki,Mountain,Western,(6-10),0.0
Manang,Gandaki,Mountain,Western,(6-11),0.0
Manang,Gandaki,Mountain,Western,(6-12),0.0
Manang,Gandaki,Mountain,Western,(9-10),0.0
Manang,Gandaki,Mountain,Western,(9-11),0.0
Manang,Gandaki,Mountain,Western,(9-12),0.0
Manang,Gandaki,Mountain,Western,(11-12),0.0
Morang,Kosi,Terai,Eastern,1.0,0.0
Morang,Kosi,Terai,Eastern,(1-2),4.0
Morang,Kosi,Terai,Eastern,(1-3),2.0
Morang,Kosi,Terai,Eastern,(1-4),2.0
Morang,Kosi,Terai,Eastern,(1-5),47.0
Morang,Kosi,Terai,Eastern,(1-6),4.0
Morang,Kosi,Terai,Eastern,(1-7),4.0
Morang,Kosi,Terai,Eastern,(1-8),17.0
Morang,Kosi,Terai,Eastern,(1-9),7.0
Morang,Kosi,Terai,Eastern,(1-10),37.0
Morang,Kosi,Terai,Eastern,(1-11),5.0
Morang,Kosi,Terai,Eastern,(1-12),28.0
Morang,Kosi,Terai,Eastern,(6-7),0.0
Morang,Kosi,Terai,Eastern,(6-8),0.0
Morang,Kosi,Terai,Eastern,(6-9),0.0
Morang,Kosi,Terai,Eastern,(6-10),1.0
Morang,Kosi,Terai,Eastern,(6-11),0.0
Morang,Kosi,Terai,Eastern,(6-12),1.0
Morang,Kosi,Terai,Eastern,(9-10),0.0
Morang,Kosi,Terai,Eastern,(9-11),0.0
Morang,Kosi,Terai,Eastern,(9-12),0.0
Morang,Kosi,Terai,Eastern,(11-12),13.0
Mugu,Karnali,Mountain,Mid-Western,1.0,0.0
Mugu,Karnali,Mountain,Mid-Western,(1-2),0.0
Mugu,Karnali,Mountain,Mid-Western,(1-3),3.0
Mugu,Karnali,Mountain,Mid-Western,(1-4),1.0
Mugu,Karnali,Mountain,Mid-Western,(1-5),1.0
Mugu,Karnali,Mountain,Mid-Western,(1-6),1.0
Mugu,Karnali,Mountain,Mid-Western,(1-7),0.0
Mugu,Karnali,Mountain,Mid-Western,(1-8),0.0
Mugu,Karnali,Mountain,Mid-Western,(1-9),1.0
Mugu,Karnali,Mountain,Mid-Western,(1-10),2.0
Mugu,Karnali,Mountain,Mid-Western,(1-11),0.0
Mugu,Karnali,Mountain,Mid-Western,(1-12),0.0
Mugu,Karnali,Mountain,Mid-Western,(6-7),0.0
Mugu,Karnali,Mountain,Mid-Western,(6-8),0.0
Mugu,Karnali,Mountain,Mid-Western,(6-9),0.0
Mugu,Karnali,Mountain,Mid-Western,(6-10),0.0
Mugu,Karnali,Mountain,Mid-Western,(6-11),0.0
Mugu,Karnali,Mountain,Mid-Western,(6-12),0.0
Mugu,Karnali,Mountain,Mid-Western,(9-10),0.0
Mugu,Karnali,Mountain,Mid-Western,(9-11),0.0
Mugu,Karnali,Mountain,Mid-Western,(9-12),0.0
Mugu,Karnali,Mountain,Mid-Western,(11-12),0.0
Mustang,Dhawalagiri,Mountain,Western,1.0,0.0
Mustang,Dhawalagiri,Mountain,Western,(1-2),0.0
Mustang,Dhawalagiri,Mountain,Western,(1-3),0.0
Mustang,Dhawalagiri,Mountain,Western,(1-4),0.0
Mustang,Dhawalagiri,Mountain,Western,(1-5),7.0
Mustang,Dhawalagiri,Mountain,Western,(1-6),0.0
Mustang,Dhawalagiri,Mountain,Western,(1-7),0.0
Mustang,Dhawalagiri,Mountain,Western,(1-8),1.0
Mustang,Dhawalagiri,Mountain,Western,(1-9),0.0
Mustang,Dhawalagiri,Mountain,Western,(1-10),1.0
Mustang,Dhawalagiri,Mountain,Western,(1-11),0.0
Mustang,Dhawalagiri,Mountain,Western,(1-12),0.0
Mustang,Dhawalagiri,Mountain,Western,(6-7),0.0
Mustang,Dhawalagiri,Mountain,Western,(6-8),0.0
Mustang,Dhawalagiri,Mountain,Western,(6-9),0.0
Mustang,Dhawalagiri,Mountain,Western,(6-10),0.0
Mustang,Dhawalagiri,Mountain,Western,(6-11),0.0
Mustang,Dhawalagiri,Mountain,Western,(6-12),0.0
Mustang,Dhawalagiri,Mountain,Western,(9-10),0.0
Mustang,Dhawalagiri,Mountain,Western,(9-11),0.0
Mustang,Dhawalagiri,Mountain,Western,(9-12),0.0
Mustang,Dhawalagiri,Mountain,Western,(11-12),0.0
Myagdi,Dhawalagiri,Hill,Western,1.0,0.0
Myagdi,Dhawalagiri,Hill,Western,(1-2),1.0
Myagdi,Dhawalagiri,Hill,Western,(1-3),7.0
Myagdi,Dhawalagiri,Hill,Western,(1-4),2.0
Myagdi,Dhawalagiri,Hill,Western,(1-5),1.0
Myagdi,Dhawalagiri,Hill,Western,(1-6),2.0
Myagdi,Dhawalagiri,Hill,Western,(1-7),1.0
Myagdi,Dhawalagiri,Hill,Western,(1-8),5.0
Myagdi,Dhawalagiri,Hill,Western,(1-9),1.0
Myagdi,Dhawalagiri,Hill,Western,(1-10),5.0
Myagdi,Dhawalagiri,Hill,Western,(1-11),0.0
Myagdi,Dhawalagiri,Hill,Western,(1-12),2.0
Myagdi,Dhawalagiri,Hill,Western,(6-7),0.0
Myagdi,Dhawalagiri,Hill,Western,(6-8),0.0
Myagdi,Dhawalagiri,Hill,Western,(6-9),0.0
Myagdi,Dhawalagiri,Hill,Western,(6-10),0.0
Myagdi,Dhawalagiri,Hill,Western,(6-11),0.0
Myagdi,Dhawalagiri,Hill,Western,(6-12),0.0
Myagdi,Dhawalagiri,Hill,Western,(9-10),0.0
Myagdi,Dhawalagiri,Hill,Western,(9-11),0.0
Myagdi,Dhawalagiri,Hill,Western,(9-12),0.0
Myagdi,Dhawalagiri,Hill,Western,(11-12),1.0
Nawalparasi,Lumbini,Terai,Western,1.0,2.0
Nawalparasi,Lumbini,Terai,Western,(1-2),2.0
Nawalparasi,Lumbini,Terai,Western,(1-3),0.0
Nawalparasi,Lumbini,Terai,Western,(1-4),3.0
Nawalparasi,Lumbini,Terai,Western,(1-5),34.0
Nawalparasi,Lumbini,Terai,Western,(1-6),10.0
Nawalparasi,Lumbini,Terai,Western,(1-7),13.0
Nawalparasi,Lumbini,Terai,Western,(1-8),19.0
Nawalparasi,Lumbini,Terai,Western,(1-9),10.0
Nawalparasi,Lumbini,Terai,Western,(1-10),44.0
Nawalparasi,Lumbini,Terai,Western,(1-11),1.0
Nawalparasi,Lumbini,Terai,Western,(1-12),26.0
Nawalparasi,Lumbini,Terai,Western,(6-7),0.0
Nawalparasi,Lumbini,Terai,Western,(6-8),0.0
Nawalparasi,Lumbini,Terai,Western,(6-9),0.0
Nawalparasi,Lumbini,Terai,Western,(6-10),0.0
Nawalparasi,Lumbini,Terai,Western,(6-11),0.0
Nawalparasi,Lumbini,Terai,Western,(6-12),0.0
Nawalparasi,Lumbini,Terai,Western,(9-10),0.0
Nawalparasi,Lumbini,Terai,Western,(9-11),0.0
Nawalparasi,Lumbini,Terai,Western,(9-12),0.0
Nawalparasi,Lumbini,Terai,Western,(11-12),7.0
Nuwakot,Bagmati,Hill,Central,1.0,0.0
Nuwakot,Bagmati,Hill,Central,(1-2),0.0
Nuwakot,Bagmati,Hill,Central,(1-3),0.0
Nuwakot,Bagmati,Hill,Central,(1-4),2.0
Nuwakot,Bagmati,Hill,Central,(1-5),13.0
Nuwakot,Bagmati,Hill,Central,(1-6),1.0
Nuwakot,Bagmati,Hill,Central,(1-7),0.0
Nuwakot,Bagmati,Hill,Central,(1-8),2.0
Nuwakot,Bagmati,Hill,Central,(1-9),2.0
Nuwakot,Bagmati,Hill,Central,(1-10),5.0
Nuwakot,Bagmati,Hill,Central,(1-11),0.0
Nuwakot,Bagmati,Hill,Central,(1-12),0.0
Nuwakot,Bagmati,Hill,Central,(6-7),0.0
Nuwakot,Bagmati,Hill,Central,(6-8),0.0
Nuwakot,Bagmati,Hill,Central,(6-9),0.0
Nuwakot,Bagmati,Hill,Central,(6-10),0.0
Nuwakot,Bagmati,Hill,Central,(6-11),0.0
Nuwakot,Bagmati,Hill,Central,(6-12),0.0
Nuwakot,Bagmati,Hill,Central,(9-10),0.0
Nuwakot,Bagmati,Hill,Central,(9-11),0.0
Nuwakot,Bagmati,Hill,Central,(9-12),0.0
Nuwakot,Bagmati,Hill,Central,(11-12),1.0
Okhaldhunga,Sagarmatha,Hill,Eastern,1.0,11.0
Okhaldhunga,Sagarmatha,Hill,Eastern,(1-2),0.0
Okhaldhunga,Sagarmatha,Hill,Eastern,(1-3),2.0
Okhaldhunga,Sagarmatha,Hill,Eastern,(1-4),4.0
Okhaldhunga,Sagarmatha,Hill,Eastern,(1-5),4.0
Okhaldhunga,Sagarmatha,Hill,Eastern,(1-6),1.0
Okhaldhunga,Sagarmatha,Hill,Eastern,(1-7),2.0
Okhaldhunga,Sagarmatha,Hill,Eastern,(1-8),0.0
Okhaldhunga,Sagarmatha,Hill,Eastern,(1-9),0.0
Okhaldhunga,Sagarmatha,Hill,Eastern,(1-10),2.0
Okhaldhunga,Sagarmatha,Hill,Eastern,(1-11),0.0
Okhaldhunga,Sagarmatha,Hill,Eastern,(1-12),0.0
Okhaldhunga,Sagarmatha,Hill,Eastern,(6-7),0.0
Okhaldhunga,Sagarmatha,Hill,Eastern,(6-8),0.0
Okhaldhunga,Sagarmatha,Hill,Eastern,(6-9),0.0
Okhaldhunga,Sagarmatha,Hill,Eastern,(6-10),0.0
Okhaldhunga,Sagarmatha,Hill,Eastern,(6-11),0.0
Okhaldhunga,Sagarmatha,Hill,Eastern,(6-12),0.0
Okhaldhunga,Sagarmatha,Hill,Eastern,(9-10),0.0
Okhaldhunga,Sagarmatha,Hill,Eastern,(9-11),0.0
Okhaldhunga,Sagarmatha,Hill,Eastern,(9-12),0.0
Okhaldhunga,Sagarmatha,Hill,Eastern,(11-12),0.0
Palpa,Lumbini,Hill,Western,1.0,1.0
Palpa,Lumbini,Hill,Western,(1-2),0.0
Palpa,Lumbini,Hill,Western,(1-3),1.0
Palpa,Lumbini,Hill,Western,(1-4),2.0
Palpa,Lumbini,Hill,Western,(1-5),14.0
Palpa,Lumbini,Hill,Western,(1-6),2.0
Palpa,Lumbini,Hill,Western,(1-7),1.0
Palpa,Lumbini,Hill,Western,(1-8),11.0
Palpa,Lumbini,Hill,Western,(1-9),0.0
Palpa,Lumbini,Hill,Western,(1-10),8.0
Palpa,Lumbini,Hill,Western,(1-11),0.0
Palpa,Lumbini,Hill,Western,(1-12),4.0
Palpa,Lumbini,Hill,Western,(6-7),0.0
Palpa,Lumbini,Hill,Western,(6-8),0.0
Palpa,Lumbini,Hill,Western,(6-9),0.0
Palpa,Lumbini,Hill,Western,(6-10),0.0
Palpa,Lumbini,Hill,Western,(6-11),0.0
Palpa,Lumbini,Hill,Western,(6-12),0.0
Palpa,Lumbini,Hill,Western,(9-10),0.0
Palpa,Lumbini,Hill,Western,(9-11),0.0
Palpa,Lumbini,Hill,Western,(9-12),0.0
Palpa,Lumbini,Hill,Western,(11-12),3.0
Panchthar,Mechi,Hill,Eastern,1.0,1.0
Panchthar,Mechi,Hill,Eastern,(1-2),0.0
Panchthar,Mechi,Hill,Eastern,(1-3),2.0
Panchthar,Mechi,Hill,Eastern,(1-4),4.0
Panchthar,Mechi,Hill,Eastern,(1-5),22.0
Panchthar,Mechi,Hill,Eastern,(1-6),3.0
Panchthar,Mechi,Hill,Eastern,(1-7),1.0
Panchthar,Mechi,Hill,Eastern,(1-8),2.0
Panchthar,Mechi,Hill,Eastern,(1-9),0.0
Panchthar,Mechi,Hill,Eastern,(1-10),8.0
Panchthar,Mechi,Hill,Eastern,(1-11),0.0
Panchthar,Mechi,Hill,Eastern,(1-12),0.0
Panchthar,Mechi,Hill,Eastern,(6-7),0.0
Panchthar,Mechi,Hill,Eastern,(6-8),0.0
Panchthar,Mechi,Hill,Eastern,(6-9),0.0
Panchthar,Mechi,Hill,Eastern,(6-10),0.0
Panchthar,Mechi,Hill,Eastern,(6-11),0.0
Panchthar,Mechi,Hill,Eastern,(6-12),0.0
Panchthar,Mechi,Hill,Eastern,(9-10),0.0
Panchthar,Mechi,Hill,Eastern,(9-11),0.0
Panchthar,Mechi,Hill,Eastern,(9-12),0.0
Panchthar,Mechi,Hill,Eastern,(11-12),2.0
Parbat,Dhawalagiri,Hill,Western,1.0,1.0
Parbat,Dhawalagiri,Hill,Western,(1-2),5.0
Parbat,Dhawalagiri,Hill,Western,(1-3),1.0
Parbat,Dhawalagiri,Hill,Western,(1-4),3.0
Parbat,Dhawalagiri,Hill,Western,(1-5),10.0
Parbat,Dhawalagiri,Hill,Western,(1-6),0.0
Parbat,Dhawalagiri,Hill,Western,(1-7),3.0
Parbat,Dhawalagiri,Hill,Western,(1-8),2.0
Parbat,Dhawalagiri,Hill,Western,(1-9),0.0
Parbat,Dhawalagiri,Hill,Western,(1-10),6.0
Parbat,Dhawalagiri,Hill,Western,(1-11),1.0
Parbat,Dhawalagiri,Hill,Western,(1-12),0.0
Parbat,Dhawalagiri,Hill,Western,(6-7),0.0
Parbat,Dhawalagiri,Hill,Western,(6-8),0.0
Parbat,Dhawalagiri,Hill,Western,(6-9),0.0
Parbat,Dhawalagiri,Hill,Western,(6-10),0.0
Parbat,Dhawalagiri,Hill,Western,(6-11),0.0
Parbat,Dhawalagiri,Hill,Western,(6-12),0.0
Parbat,Dhawalagiri,Hill,Western,(9-10),0.0
Parbat,Dhawalagiri,Hill,Western,(9-11),0.0
Parbat,Dhawalagiri,Hill,Western,(9-12),0.0
Parbat,Dhawalagiri,Hill,Western,(11-12),2.0
Parsa,Narayani,Terai,Central,1.0,0.0
Parsa,Narayani,Terai,Central,(1-2),3.0
Parsa,Narayani,Terai,Central,(1-3),4.0
Parsa,Narayani,Terai,Central,(1-4),2.0
Parsa,Narayani,Terai,Central,(1-5),33.0
Parsa,Narayani,Terai,Central,(1-6),2.0
Parsa,Narayani,Terai,Central,(1-7),3.0
Parsa,Narayani,Terai,Central,(1-8),4.0
Parsa,Narayani,Terai,Central,(1-9),3.0
Parsa,Narayani,Terai,Central,(1-10),13.0
Parsa,Narayani,Terai,Central,(1-11),2.0
Parsa,Narayani,Terai,Central,(1-12),7.0
Parsa,Narayani,Terai,Central,(6-7),0.0
Parsa,Narayani,Terai,Central,(6-8),0.0
Parsa,Narayani,Terai,Central,(6-9),0.0
Parsa,Narayani,Terai,Central,(6-10),0.0
Parsa,Narayani,Terai,Central,(6-11),0.0
Parsa,Narayani,Terai,Central,(6-12),0.0
Parsa,Narayani,Terai,Central,(9-10),0.0
Parsa,Narayani,Terai,Central,(9-11),0.0
Parsa,Narayani,Terai,Central,(9-12),0.0
Parsa,Narayani,Terai,Central,(11-12),6.0
Pyuthan,Rapti,Hill,Mid-Western,1.0,1.0
Pyuthan,Rapti,Hill,Mid-Western,(1-2),3.0
Pyuthan,Rapti,Hill,Mid-Western,(1-3),1.0
Pyuthan,Rapti,Hill,Mid-Western,(1-4),2.0
Pyuthan,Rapti,Hill,Mid-Western,(1-5),14.0
Pyuthan,Rapti,Hill,Mid-Western,(1-6),2.0
Pyuthan,Rapti,Hill,Mid-Western,(1-7),1.0
Pyuthan,Rapti,Hill,Mid-Western,(1-8),1.0
Pyuthan,Rapti,Hill,Mid-Western,(1-9),0.0
Pyuthan,Rapti,Hill,Mid-Western,(1-10),0.0
Pyuthan,Rapti,Hill,Mid-Western,(1-11),1.0
Pyuthan,Rapti,Hill,Mid-Western,(1-12),0.0
Pyuthan,Rapti,Hill,Mid-Western,(6-7),0.0
Pyuthan,Rapti,Hill,Mid-Western,(6-8),0.0
Pyuthan,Rapti,Hill,Mid-Western,(6-9),0.0
Pyuthan,Rapti,Hill,Mid-Western,(6-10),0.0
Pyuthan,Rapti,Hill,Mid-Western,(6-11),0.0
Pyuthan,Rapti,Hill,Mid-Western,(6-12),0.0
Pyuthan,Rapti,Hill,Mid-Western,(9-10),0.0
Pyuthan,Rapti,Hill,Mid-Western,(9-11),0.0
Pyuthan,Rapti,Hill,Mid-Western,(9-12),0.0
Pyuthan,Rapti,Hill,Mid-Western,(11-12),0.0
Ramechhap,Janakpur,Hill,Central,1.0,0.0
Ramechhap,Janakpur,Hill,Central,(1-2),1.0
Ramechhap,Janakpur,Hill,Central,(1-3),1.0
Ramechhap,Janakpur,Hill,Central,(1-4),0.0
Ramechhap,Janakpur,Hill,Central,(1-5),9.0
Ramechhap,Janakpur,Hill,Central,(1-6),1.0
Ramechhap,Janakpur,Hill,Central,(1-7),0.0
Ramechhap,Janakpur,Hill,Central,(1-8),2.0
Ramechhap,Janakpur,Hill,Central,(1-9),1.0
Ramechhap,Janakpur,Hill,Central,(1-10),2.0
Ramechhap,Janakpur,Hill,Central,(1-11),0.0
Ramechhap,Janakpur,Hill,Central,(1-12),0.0
Ramechhap,Janakpur,Hill,Central,(6-7),0.0
Ramechhap,Janakpur,Hill,Central,(6-8),0.0
Ramechhap,Janakpur,Hill,Central,(6-9),0.0
Ramechhap,Janakpur,Hill,Central,(6-10),0.0
Ramechhap,Janakpur,Hill,Central,(6-11),0.0
Ramechhap,Janakpur,Hill,Central,(6-12),0.0
Ramechhap,Janakpur,Hill,Central,(9-10),0.0
Ramechhap,Janakpur,Hill,Central,(9-11),0.0
Ramechhap,Janakpur,Hill,Central,(9-12),0.0
Ramechhap,Janakpur,Hill,Central,(11-12),0.0
Rasuwa,Bagmati,Mountain,Central,1.0,0.0
Rasuwa,Bagmati,Mountain,Central,(1-2),0.0
Rasuwa,Bagmati,Mountain,Central,(1-3),1.0
Rasuwa,Bagmati,Mountain,Central,(1-4),0.0
Rasuwa,Bagmati,Mountain,Central,(1-5),1.0
Rasuwa,Bagmati,Mountain,Central,(1-6),1.0
Rasuwa,Bagmati,Mountain,Central,(1-7),2.0
Rasuwa,Bagmati,Mountain,Central,(1-8),1.0
Rasuwa,Bagmati,Mountain,Central,(1-9),1.0
Rasuwa,Bagmati,Mountain,Central,(1-10),2.0
Rasuwa,Bagmati,Mountain,Central,(1-11),0.0
Rasuwa,Bagmati,Mountain,Central,(1-12),0.0
Rasuwa,Bagmati,Mountain,Central,(6-7),0.0
Rasuwa,Bagmati,Mountain,Central,(6-8),0.0
Rasuwa,Bagmati,Mountain,Central,(6-9),0.0
Rasuwa,Bagmati,Mountain,Central,(6-10),0.0
Rasuwa,Bagmati,Mountain,Central,(6-11),0.0
Rasuwa,Bagmati,Mountain,Central,(6-12),0.0
Rasuwa,Bagmati,Mountain,Central,(9-10),0.0
Rasuwa,Bagmati,Mountain,Central,(9-11),0.0
Rasuwa,Bagmati,Mountain,Central,(9-12),0.0
Rasuwa,Bagmati,Mountain,Central,(11-12),0.0
Rautahat,Narayani,Terai,Central,1.0,0.0
Rautahat,Narayani,Terai,Central,(1-2),4.0
Rautahat,Narayani,Terai,Central,(1-3),3.0
Rautahat,Narayani,Terai,Central,(1-4),2.0
Rautahat,Narayani,Terai,Central,(1-5),4.0
Rautahat,Narayani,Terai,Central,(1-6),1.0
Rautahat,Narayani,Terai,Central,(1-7),1.0
Rautahat,Narayani,Terai,Central,(1-8),2.0
Rautahat,Narayani,Terai,Central,(1-9),1.0
Rautahat,Narayani,Terai,Central,(1-10),2.0
Rautahat,Narayani,Terai,Central,(1-11),0.0
Rautahat,Narayani,Terai,Central,(1-12),1.0
Rautahat,Narayani,Terai,Central,(6-7),0.0
Rautahat,Narayani,Terai,Central,(6-8),0.0
Rautahat,Narayani,Terai,Central,(6-9),0.0
Rautahat,Narayani,Terai,Central,(6-10),0.0
Rautahat,Narayani,Terai,Central,(6-11),0.0
Rautahat,Narayani,Terai,Central,(6-12),0.0
Rautahat,Narayani,Terai,Central,(9-10),0.0
Rautahat,Narayani,Terai,Central,(9-11),0.0
Rautahat,Narayani,Terai,Central,(9-12),0.0
Rautahat,Narayani,Terai,Central,(11-12),3.0
Rolpa,Rapti,Hill,Mid-Western,1.0,1.0
Rolpa,Rapti,Hill,Mid-Western,(1-2),5.0
Rolpa,Rapti,Hill,Mid-Western,(1-3),4.0
Rolpa,Rapti,Hill,Mid-Western,(1-4),8.0
Rolpa,Rapti,Hill,Mid-Western,(1-5),5.0
Rolpa,Rapti,Hill,Mid-Western,(1-6),1.0
Rolpa,Rapti,Hill,Mid-Western,(1-7),0.0
Rolpa,Rapti,Hill,Mid-Western,(1-8),0.0
Rolpa,Rapti,Hill,Mid-Western,(1-9),0.0
Rolpa,Rapti,Hill,Mid-Western,(1-10),3.0
Rolpa,Rapti,Hill,Mid-Western,(1-11),0.0
Rolpa,Rapti,Hill,Mid-Western,(1-12),0.0
Rolpa,Rapti,Hill,Mid-Western,(6-7),0.0
Rolpa,Rapti,Hill,Mid-Western,(6-8),0.0
Rolpa,Rapti,Hill,Mid-Western,(6-9),0.0
Rolpa,Rapti,Hill,Mid-Western,(6-10),0.0
Rolpa,Rapti,Hill,Mid-Western,(6-11),0.0
Rolpa,Rapti,Hill,Mid-Western,(6-12),0.0
Rolpa,Rapti,Hill,Mid-Western,(9-10),0.0
Rolpa,Rapti,Hill,Mid-Western,(9-11),0.0
Rolpa,Rapti,Hill,Mid-Western,(9-12),0.0
Rolpa,Rapti,Hill,Mid-Western,(11-12),0.0
Rukum,Rapti,Hill,Mid-Western,1.0,1.0
Rukum,Rapti,Hill,Mid-Western,(1-2),0.0
Rukum,Rapti,Hill,Mid-Western,(1-3),2.0
Rukum,Rapti,Hill,Mid-Western,(1-4),2.0
Rukum,Rapti,Hill,Mid-Western,(1-5),5.0
Rukum,Rapti,Hill,Mid-Western,(1-6),1.0
Rukum,Rapti,Hill,Mid-Western,(1-7),1.0
Rukum,Rapti,Hill,Mid-Western,(1-8),0.0
Rukum,Rapti,Hill,Mid-Western,(1-9),0.0
Rukum,Rapti,Hill,Mid-Western,(1-10),1.0
Rukum,Rapti,Hill,Mid-Western,(1-11),0.0
Rukum,Rapti,Hill,Mid-Western,(1-12),0.0
Rukum,Rapti,Hill,Mid-Western,(6-7),0.0
Rukum,Rapti,Hill,Mid-Western,(6-8),0.0
Rukum,Rapti,Hill,Mid-Western,(6-9),0.0
Rukum,Rapti,Hill,Mid-Western,(6-10),0.0
Rukum,Rapti,Hill,Mid-Western,(6-11),0.0
Rukum,Rapti,Hill,Mid-Western,(6-12),0.0
Rukum,Rapti,Hill,Mid-Western,(9-10),0.0
Rukum,Rapti,Hill,Mid-Western,(9-11),0.0
Rukum,Rapti,Hill,Mid-Western,(9-12),0.0
Rukum,Rapti,Hill,Mid-Western,(11-12),1.0
Rupandehi,Lumbini,Terai,Western,1.0,1.0
Rupandehi,Lumbini,Terai,Western,(1-2),3.0
Rupandehi,Lumbini,Terai,Western,(1-3),1.0
Rupandehi,Lumbini,Terai,Western,(1-4),0.0
Rupandehi,Lumbini,Terai,Western,(1-5),33.0
Rupandehi,Lumbini,Terai,Western,(1-6),5.0
Rupandehi,Lumbini,Terai,Western,(1-7),6.0
Rupandehi,Lumbini,Terai,Western,(1-8),20.0
Rupandehi,Lumbini,Terai,Western,(1-9),8.0
Rupandehi,Lumbini,Terai,Western,(1-10),85.0
Rupandehi,Lumbini,Terai,Western,(1-11),4.0
Rupandehi,Lumbini,Terai,Western,(1-12),28.0
Rupandehi,Lumbini,Terai,Western,(6-7),0.0
Rupandehi,Lumbini,Terai,Western,(6-8),0.0
Rupandehi,Lumbini,Terai,Western,(6-9),0.0
Rupandehi,Lumbini,Terai,Western,(6-10),2.0
Rupandehi,Lumbini,Terai,Western,(6-11),0.0
Rupandehi,Lumbini,Terai,Western,(6-12),0.0
Rupandehi,Lumbini,Terai,Western,(9-10),0.0
Rupandehi,Lumbini,Terai,Western,(9-11),0.0
Rupandehi,Lumbini,Terai,Western,(9-12),0.0
Rupandehi,Lumbini,Terai,Western,(11-12),7.0
Salyan,Rapti,Hill,Mid-Western,1.0,1.0
Salyan,Rapti,Hill,Mid-Western,(1-2),0.0
Salyan,Rapti,Hill,Mid-Western,(1-3),2.0
Salyan,Rapti,Hill,Mid-Western,(1-4),1.0
Salyan,Rapti,Hill,Mid-Western,(1-5),14.0
Salyan,Rapti,Hill,Mid-Western,(1-6),4.0
Salyan,Rapti,Hill,Mid-Western,(1-7),1.0
Salyan,Rapti,Hill,Mid-Western,(1-8),2.0
Salyan,Rapti,Hill,Mid-Western,(1-9),1.0
Salyan,Rapti,Hill,Mid-Western,(1-10),0.0
Salyan,Rapti,Hill,Mid-Western,(1-11),0.0
Salyan,Rapti,Hill,Mid-Western,(1-12),0.0
Salyan,Rapti,Hill,Mid-Western,(6-7),0.0
Salyan,Rapti,Hill,Mid-Western,(6-8),0.0
Salyan,Rapti,Hill,Mid-Western,(6-9),0.0
Salyan,Rapti,Hill,Mid-Western,(6-10),0.0
Salyan,Rapti,Hill,Mid-Western,(6-11),0.0
Salyan,Rapti,Hill,Mid-Western,(6-12),0.0
Salyan,Rapti,Hill,Mid-Western,(9-10),0.0
Salyan,Rapti,Hill,Mid-Western,(9-11),0.0
Salyan,Rapti,Hill,Mid-Western,(9-12),0.0
Salyan,Rapti,Hill,Mid-Western,(11-12),0.0
Sankhuwasabha,Kosi,Mountain,Eastern,1.0,0.0
Sankhuwasabha,Kosi,Mountain,Eastern,(1-2),2.0
Sankhuwasabha,Kosi,Mountain,Eastern,(1-3),0.0
Sankhuwasabha,Kosi,Mountain,Eastern,(1-4),4.0
Sankhuwasabha,Kosi,Mountain,Eastern,(1-5),9.0
Sankhuwasabha,Kosi,Mountain,Eastern,(1-6),3.0
Sankhuwasabha,Kosi,Mountain,Eastern,(1-7),3.0
Sankhuwasabha,Kosi,Mountain,Eastern,(1-8),1.0
Sankhuwasabha,Kosi,Mountain,Eastern,(1-9),1.0
Sankhuwasabha,Kosi,Mountain,Eastern,(1-10),4.0
Sankhuwasabha,Kosi,Mountain,Eastern,(1-11),0.0
Sankhuwasabha,Kosi,Mountain,Eastern,(1-12),0.0
Sankhuwasabha,Kosi,Mountain,Eastern,(6-7),0.0
Sankhuwasabha,Kosi,Mountain,Eastern,(6-8),0.0
Sankhuwasabha,Kosi,Mountain,Eastern,(6-9),0.0
Sankhuwasabha,Kosi,Mountain,Eastern,(6-10),0.0
Sankhuwasabha,Kosi,Mountain,Eastern,(6-11),0.0
Sankhuwasabha,Kosi,Mountain,Eastern,(6-12),0.0
Sankhuwasabha,Kosi,Mountain,Eastern,(9-10),0.0
Sankhuwasabha,Kosi,Mountain,Eastern,(9-11),0.0
Sankhuwasabha,Kosi,Mountain,Eastern,(9-12),0.0
Sankhuwasabha,Kosi,Mountain,Eastern,(11-12),2.0
Saptari,Sagarmatha,Terai,Eastern,1.0,0.0
Saptari,Sagarmatha,Terai,Eastern,(1-2),3.0
Saptari,Sagarmatha,Terai,Eastern,(1-3),1.0
Saptari,Sagarmatha,Terai,Eastern,(1-4),0.0
Saptari,Sagarmatha,Terai,Eastern,(1-5),7.0
Saptari,Sagarmatha,Terai,Eastern,(1-6),2.0
Saptari,Sagarmatha,Terai,Eastern,(1-7),2.0
Saptari,Sagarmatha,Terai,Eastern,(1-8),2.0
Saptari,Sagarmatha,Terai,Eastern,(1-9),1.0
Saptari,Sagarmatha,Terai,Eastern,(1-10),3.0
Saptari,Sagarmatha,Terai,Eastern,(1-11),3.0
Saptari,Sagarmatha,Terai,Eastern,(1-12),7.0
Saptari,Sagarmatha,Terai,Eastern,(6-7),0.0
Saptari,Sagarmatha,Terai,Eastern,(6-8),0.0
Saptari,Sagarmatha,Terai,Eastern,(6-9),0.0
Saptari,Sagarmatha,Terai,Eastern,(6-10),0.0
Saptari,Sagarmatha,Terai,Eastern,(6-11),0.0
Saptari,Sagarmatha,Terai,Eastern,(6-12),0.0
Saptari,Sagarmatha,Terai,Eastern,(9-10),0.0
Saptari,Sagarmatha,Terai,Eastern,(9-11),0.0
Saptari,Sagarmatha,Terai,Eastern,(9-12),0.0
Saptari,Sagarmatha,Terai,Eastern,(11-12),2.0
Sarlahi,Janakpur,Terai,Central,1.0,0.0
Sarlahi,Janakpur,Terai,Central,(1-2),0.0
Sarlahi,Janakpur,Terai,Central,(1-3),0.0
Sarlahi,Janakpur,Terai,Central,(1-4),0.0
Sarlahi,Janakpur,Terai,Central,(1-5),3.0
Sarlahi,Janakpur,Terai,Central,(1-6),0.0
Sarlahi,Janakpur,Terai,Central,(1-7),0.0
Sarlahi,Janakpur,Terai,Central,(1-8),1.0
Sarlahi,Janakpur,Terai,Central,(1-9),0.0
Sarlahi,Janakpur,Terai,Central,(1-10),0.0
Sarlahi,Janakpur,Terai,Central,(1-11),0.0
Sarlahi,Janakpur,Terai,Central,(1-12),10.0
Sarlahi,Janakpur,Terai,Central,(6-7),0.0
Sarlahi,Janakpur,Terai,Central,(6-8),0.0
Sarlahi,Janakpur,Terai,Central,(6-9),0.0
Sarlahi,Janakpur,Terai,Central,(6-10),0.0
Sarlahi,Janakpur,Terai,Central,(6-11),0.0
Sarlahi,Janakpur,Terai,Central,(6-12),0.0
Sarlahi,Janakpur,Terai,Central,(9-10),0.0
Sarlahi,Janakpur,Terai,Central,(9-11),0.0
Sarlahi,Janakpur,Terai,Central,(9-12),0.0
Sarlahi,Janakpur,Terai,Central,(11-12),3.0
Sindhuli,Janakpur,Hill,Central,1.0,0.0
Sindhuli,Janakpur,Hill,Central,(1-2),3.0
Sindhuli,Janakpur,Hill,Central,(1-3),0.0
Sindhuli,Janakpur,Hill,Central,(1-4),1.0
Sindhuli,Janakpur,Hill,Central,(1-5),4.0
Sindhuli,Janakpur,Hill,Central,(1-6),1.0
Sindhuli,Janakpur,Hill,Central,(1-7),2.0
Sindhuli,Janakpur,Hill,Central,(1-8),3.0
Sindhuli,Janakpur,Hill,Central,(1-9),0.0
Sindhuli,Janakpur,Hill,Central,(1-10),4.0
Sindhuli,Janakpur,Hill,Central,(1-11),0.0
Sindhuli,Janakpur,Hill,Central,(1-12),3.0
Sindhuli,Janakpur,Hill,Central,(6-7),0.0
Sindhuli,Janakpur,Hill,Central,(6-8),0.0
Sindhuli,Janakpur,Hill,Central,(6-9),0.0
Sindhuli,Janakpur,Hill,Central,(6-10),0.0
Sindhuli,Janakpur,Hill,Central,(6-11),0.0
Sindhuli,Janakpur,Hill,Central,(6-12),0.0
Sindhuli,Janakpur,Hill,Central,(9-10),0.0
Sindhuli,Janakpur,Hill,Central,(9-11),0.0
Sindhuli,Janakpur,Hill,Central,(9-12),0.0
Sindhuli,Janakpur,Hill,Central,(11-12),1.0
Sindhupalchok,Bagmati,Mountain,Central,1.0,0.0
Sindhupalchok,Bagmati,Mountain,Central,(1-2),1.0
Sindhupalchok,Bagmati,Mountain,Central,(1-3),0.0
Sindhupalchok,Bagmati,Mountain,Central,(1-4),2.0
Sindhupalchok,Bagmati,Mountain,Central,(1-5),7.0
Sindhupalchok,Bagmati,Mountain,Central,(1-6),0.0
Sindhupalchok,Bagmati,Mountain,Central,(1-7),3.0
Sindhupalchok,Bagmati,Mountain,Central,(1-8),1.0
Sindhupalchok,Bagmati,Mountain,Central,(1-9),1.0
Sindhupalchok,Bagmati,Mountain,Central,(1-10),3.0
Sindhupalchok,Bagmati,Mountain,Central,(1-11),0.0
Sindhupalchok,Bagmati,Mountain,Central,(1-12),0.0
Sindhupalchok,Bagmati,Mountain,Central,(6-7),0.0
Sindhupalchok,Bagmati,Mountain,Central,(6-8),0.0
Sindhupalchok,Bagmati,Mountain,Central,(6-9),0.0
Sindhupalchok,Bagmati,Mountain,Central,(6-10),0.0
Sindhupalchok,Bagmati,Mountain,Central,(6-11),0.0
Sindhupalchok,Bagmati,Mountain,Central,(6-12),0.0
Sindhupalchok,Bagmati,Mountain,Central,(9-10),0.0
Sindhupalchok,Bagmati,Mountain,Central,(9-11),0.0
Sindhupalchok,Bagmati,Mountain,Central,(9-12),0.0
Sindhupalchok,Bagmati,Mountain,Central,(11-12),0.0
Siraha,Sagarmatha,Terai,Eastern,1.0,0.0
Siraha,Sagarmatha,Terai,Eastern,(1-2),3.0
Siraha,Sagarmatha,Terai,Eastern,(1-3),0.0
Siraha,Sagarmatha,Terai,Eastern,(1-4),0.0
Siraha,Sagarmatha,Terai,Eastern,(1-5),18.0
Siraha,Sagarmatha,Terai,Eastern,(1-6),0.0
Siraha,Sagarmatha,Terai,Eastern,(1-7),0.0
Siraha,Sagarmatha,Terai,Eastern,(1-8),1.0
Siraha,Sagarmatha,Terai,Eastern,(1-9),0.0
Siraha,Sagarmatha,Terai,Eastern,(1-10),1.0
Siraha,Sagarmatha,Terai,Eastern,(1-11),0.0
Siraha,Sagarmatha,Terai,Eastern,(1-12),8.0
Siraha,Sagarmatha,Terai,Eastern,(6-7),0.0
Siraha,Sagarmatha,Terai,Eastern,(6-8),0.0
Siraha,Sagarmatha,Terai,Eastern,(6-9),0.0
Siraha,Sagarmatha,Terai,Eastern,(6-10),0.0
Siraha,Sagarmatha,Terai,Eastern,(6-11),0.0
Siraha,Sagarmatha,Terai,Eastern,(6-12),1.0
Siraha,Sagarmatha,Terai,Eastern,(9-10),0.0
Siraha,Sagarmatha,Terai,Eastern,(9-11),0.0
Siraha,Sagarmatha,Terai,Eastern,(9-12),0.0
Siraha,Sagarmatha,Terai,Eastern,(11-12),3.0
Solukhumbu,Sagarmatha,Mountain,Eastern,1.0,0.0
Solukhumbu,Sagarmatha,Mountain,Eastern,(1-2),0.0
Solukhumbu,Sagarmatha,Mountain,Eastern,(1-3),0.0
Solukhumbu,Sagarmatha,Mountain,Eastern,(1-4),0.0
Solukhumbu,Sagarmatha,Mountain,Eastern,(1-5),1.0
Solukhumbu,Sagarmatha,Mountain,Eastern,(1-6),0.0
Solukhumbu,Sagarmatha,Mountain,Eastern,(1-7),0.0
Solukhumbu,Sagarmatha,Mountain,Eastern,(1-8),0.0
Solukhumbu,Sagarmatha,Mountain,Eastern,(1-9),0.0
Solukhumbu,Sagarmatha,Mountain,Eastern,(1-10),1.0
Solukhumbu,Sagarmatha,Mountain,Eastern,(1-11),0.0
Solukhumbu,Sagarmatha,Mountain,Eastern,(1-12),1.0
Solukhumbu,Sagarmatha,Mountain,Eastern,(6-7),0.0
Solukhumbu,Sagarmatha,Mountain,Eastern,(6-8),0.0
Solukhumbu,Sagarmatha,Mountain,Eastern,(6-9),0.0
Solukhumbu,Sagarmatha,Mountain,Eastern,(6-10),0.0
Solukhumbu,Sagarmatha,Mountain,Eastern,(6-11),0.0
Solukhumbu,Sagarmatha,Mountain,Eastern,(6-12),0.0
Solukhumbu,Sagarmatha,Mountain,Eastern,(9-10),0.0
Solukhumbu,Sagarmatha,Mountain,Eastern,(9-11),0.0
Solukhumbu,Sagarmatha,Mountain,Eastern,(9-12),0.0
Solukhumbu,Sagarmatha,Mountain,Eastern,(11-12),1.0
Sunsari,Kosi,Terai,Eastern,1.0,9.0
Sunsari,Kosi,Terai,Eastern,(1-2),7.0
Sunsari,Kosi,Terai,Eastern,(1-3),4.0
Sunsari,Kosi,Terai,Eastern,(1-4),4.0
Sunsari,Kosi,Terai,Eastern,(1-5),61.0
Sunsari,Kosi,Terai,Eastern,(1-6),25.0
Sunsari,Kosi,Terai,Eastern,(1-7),19.0
Sunsari,Kosi,Terai,Eastern,(1-8),21.0
Sunsari,Kosi,Terai,Eastern,(1-9),10.0
Sunsari,Kosi,Terai,Eastern,(1-10),73.0
Sunsari,Kosi,Terai,Eastern,(1-11),1.0
Sunsari,Kosi,Terai,Eastern,(1-12),21.0
Sunsari,Kosi,Terai,Eastern,(6-7),0.0
Sunsari,Kosi,Terai,Eastern,(6-8),0.0
Sunsari,Kosi,Terai,Eastern,(6-9),0.0
Sunsari,Kosi,Terai,Eastern,(6-10),0.0
Sunsari,Kosi,Terai,Eastern,(6-11),0.0
Sunsari,Kosi,Terai,Eastern,(6-12),1.0
Sunsari,Kosi,Terai,Eastern,(9-10),0.0
Sunsari,Kosi,Terai,Eastern,(9-11),0.0
Sunsari,Kosi,Terai,Eastern,(9-12),0.0
Sunsari,Kosi,Terai,Eastern,(11-12),10.0
Surkhet,Bheri,Hill,Mid-Western,1.0,0.0
Surkhet,Bheri,Hill,Mid-Western,(1-2),1.0
Surkhet,Bheri,Hill,Mid-Western,(1-3),3.0
Surkhet,Bheri,Hill,Mid-Western,(1-4),2.0
Surkhet,Bheri,Hill,Mid-Western,(1-5),13.0
Surkhet,Bheri,Hill,Mid-Western,(1-6),2.0
Surkhet,Bheri,Hill,Mid-Western,(1-7),6.0
Surkhet,Bheri,Hill,Mid-Western,(1-8),6.0
Surkhet,Bheri,Hill,Mid-Western,(1-9),1.0
Surkhet,Bheri,Hill,Mid-Western,(1-10),5.0
Surkhet,Bheri,Hill,Mid-Western,(1-11),2.0
Surkhet,Bheri,Hill,Mid-Western,(1-12),7.0
Surkhet,Bheri,Hill,Mid-Western,(6-7),0.0
Surkhet,Bheri,Hill,Mid-Western,(6-8),0.0
Surkhet,Bheri,Hill,Mid-Western,(6-9),0.0
Surkhet,Bheri,Hill,Mid-Western,(6-10),0.0
Surkhet,Bheri,Hill,Mid-Western,(6-11),0.0
Surkhet,Bheri,Hill,Mid-Western,(6-12),0.0
Surkhet,Bheri,Hill,Mid-Western,(9-10),0.0
Surkhet,Bheri,Hill,Mid-Western,(9-11),0.0
Surkhet,Bheri,Hill,Mid-Western,(9-12),0.0
Surkhet,Bheri,Hill,Mid-Western,(11-12),1.0
Syangja,Gandaki,Hill,Western,1.0,1.0
Syangja,Gandaki,Hill,Western,(1-2),2.0
Syangja,Gandaki,Hill,Western,(1-3),3.0
Syangja,Gandaki,Hill,Western,(1-4),6.0
Syangja,Gandaki,Hill,Western,(1-5),16.0
Syangja,Gandaki,Hill,Western,(1-6),2.0
Syangja,Gandaki,Hill,Western,(1-7),6.0
Syangja,Gandaki,Hill,Western,(1-8),13.0
Syangja,Gandaki,Hill,Western,(1-9),4.0
Syangja,Gandaki,Hill,Western,(1-10),22.0
Syangja,Gandaki,Hill,Western,(1-11),0.0
Syangja,Gandaki,Hill,Western,(1-12),10.0
Syangja,Gandaki,Hill,Western,(6-7),0.0
Syangja,Gandaki,Hill,Western,(6-8),0.0
Syangja,Gandaki,Hill,Western,(6-9),0.0
Syangja,Gandaki,Hill,Western,(6-10),0.0
Syangja,Gandaki,Hill,Western,(6-11),0.0
Syangja,Gandaki,Hill,Western,(6-12),0.0
Syangja,Gandaki,Hill,Western,(9-10),0.0
Syangja,Gandaki,Hill,Western,(9-11),0.0
Syangja,Gandaki,Hill,Western,(9-12),0.0
Syangja,Gandaki,Hill,Western,(11-12),4.0
Tanahu,Gandaki,Hill,Western,1.0,0.0
Tanahu,Gandaki,Hill,Western,(1-2),2.0
Tanahu,Gandaki,Hill,Western,(1-3),3.0
Tanahu,Gandaki,Hill,Western,(1-4),3.0
Tanahu,Gandaki,Hill,Western,(1-5),15.0
Tanahu,Gandaki,Hill,Western,(1-6),7.0
Tanahu,Gandaki,Hill,Western,(1-7),11.0
Tanahu,Gandaki,Hill,Western,(1-8),24.0
Tanahu,Gandaki,Hill,Western,(1-9),2.0
Tanahu,Gandaki,Hill,Western,(1-10),28.0
Tanahu,Gandaki,Hill,Western,(1-11),1.0
Tanahu,Gandaki,Hill,Western,(1-12),10.0
Tanahu,Gandaki,Hill,Western,(6-7),0.0
Tanahu,Gandaki,Hill,Western,(6-8),0.0
Tanahu,Gandaki,Hill,Western,(6-9),0.0
Tanahu,Gandaki,Hill,Western,(6-10),0.0
Tanahu,Gandaki,Hill,Western,(6-11),0.0
Tanahu,Gandaki,Hill,Western,(6-12),0.0
Tanahu,Gandaki,Hill,Western,(9-10),0.0
Tanahu,Gandaki,Hill,Western,(9-11),0.0
Tanahu,Gandaki,Hill,Western,(9-12),0.0
Tanahu,Gandaki,Hill,Western,(11-12),5.0
Taplejung,Mechi,Mountain,Eastern,1.0,0.0
Taplejung,Mechi,Mountain,Eastern,(1-2),1.0
Taplejung,Mechi,Mountain,Eastern,(1-3),0.0
Taplejung,Mechi,Mountain,Eastern,(1-4),0.0
Taplejung,Mechi,Mountain,Eastern,(1-5),2.0
Taplejung,Mechi,Mountain,Eastern,(1-6),2.0
Taplejung,Mechi,Mountain,Eastern,(1-7),0.0
Taplejung,Mechi,Mountain,Eastern,(1-8),0.0
Taplejung,Mechi,Mountain,Eastern,(1-9),0.0
Taplejung,Mechi,Mountain,Eastern,(1-10),1.0
Taplejung,Mechi,Mountain,Eastern,(1-11),0.0
Taplejung,Mechi,Mountain,Eastern,(1-12),1.0
Taplejung,Mechi,Mountain,Eastern,(6-7),0.0
Taplejung,Mechi,Mountain,Eastern,(6-8),0.0
Taplejung,Mechi,Mountain,Eastern,(6-9),0.0
Taplejung,Mechi,Mountain,Eastern,(6-10),0.0
Taplejung,Mechi,Mountain,Eastern,(6-11),0.0
Taplejung,Mechi,Mountain,Eastern,(6-12),0.0
Taplejung,Mechi,Mountain,Eastern,(9-10),0.0
Taplejung,Mechi,Mountain,Eastern,(9-11),0.0
Taplejung,Mechi,Mountain,Eastern,(9-12),0.0
Taplejung,Mechi,Mountain,Eastern,(11-12),1.0
Terhathum,Kosi,Hill,Eastern,1.0,0.0
Terhathum,Kosi,Hill,Eastern,(1-2),0.0
Terhathum,Kosi,Hill,Eastern,(1-3),0.0
Terhathum,Kosi,Hill,Eastern,(1-4),0.0
Terhathum,Kosi,Hill,Eastern,(1-5),5.0
Terhathum,Kosi,Hill,Eastern,(1-6),0.0
Terhathum,Kosi,Hill,Eastern,(1-7),1.0
Terhathum,Kosi,Hill,Eastern,(1-8),1.0
Terhathum,Kosi,Hill,Eastern,(1-9),0.0
Terhathum,Kosi,Hill,Eastern,(1-10),5.0
Terhathum,Kosi,Hill,Eastern,(1-11),0.0
Terhathum,Kosi,Hill,Eastern,(1-12),0.0
Terhathum,Kosi,Hill,Eastern,(6-7),0.0
Terhathum,Kosi,Hill,Eastern,(6-8),0.0
Terhathum,Kosi,Hill,Eastern,(6-9),0.0
Terhathum,Kosi,Hill,Eastern,(6-10),0.0
Terhathum,Kosi,Hill,Eastern,(6-11),0.0
Terhathum,Kosi,Hill,Eastern,(6-12),0.0
Terhathum,Kosi,Hill,Eastern,(9-10),0.0
Terhathum,Kosi,Hill,Eastern,(9-11),0.0
Terhathum,Kosi,Hill,Eastern,(9-12),0.0
Terhathum,Kosi,Hill,Eastern,(11-12),1.0
Udayapur,Sagarmatha,Hill,Eastern,1.0,0.0
Udayapur,Sagarmatha,Hill,Eastern,(1-2),2.0
Udayapur,Sagarmatha,Hill,Eastern,(1-3),0.0
Udayapur,Sagarmatha,Hill,Eastern,(1-4),3.0
Udayapur,Sagarmatha,Hill,Eastern,(1-5),15.0
Udayapur,Sagarmatha,Hill,Eastern,(1-6),1.0
Udayapur,Sagarmatha,Hill,Eastern,(1-7),2.0
Udayapur,Sagarmatha,Hill,Eastern,(1-8),4.0
Udayapur,Sagarmatha,Hill,Eastern,(1-9),1.0
Udayapur,Sagarmatha,Hill,Eastern,(1-10),5.0
Udayapur,Sagarmatha,Hill,Eastern,(1-11),0.0
Udayapur,Sagarmatha,Hill,Eastern,(1-12),4.0
Udayapur,Sagarmatha,Hill,Eastern,(6-7),0.0
Udayapur,Sagarmatha,Hill,Eastern,(6-8),0.0
Udayapur,Sagarmatha,Hill,Eastern,(6-9),0.0
Udayapur,Sagarmatha,Hill,Eastern,(6-10),0.0
Udayapur,Sagarmatha,Hill,Eastern,(6-11),0.0
Udayapur,Sagarmatha,Hill,Eastern,(6-12),0.0
Udayapur,Sagarmatha,Hill,Eastern,(9-10),0.0
Udayapur,Sagarmatha,Hill,Eastern,(9-11),0.0
Udayapur,Sagarmatha,Hill,Eastern,(9-12),0.0
Udayapur,Sagarmatha,Hill,Eastern,(11-12),1.0
